TITLE,F580
DATA TYPE,FLUORESCENCE SPECTRUM
ORIGIN,JASCO
OWNER,
DATE,2024/10/30
TIME,15:39:15
SPECTROMETER/DATA SYSTEM,JASCO Corp., FP-8350, Rev. 1.00
DELTAX,2
XUNITS,NANOMETERS
YUNITS,INTENSITY
FIRSTX,  300.0000
LASTX,  560.0000
NPOINTS,     131
FIRSTY,   640.01025
MAXY,  1121.89807
MINY,     0.00000
XYDATA
,240,242,244,246,248,250,252,254,256,258,260,262,264,266,268,270,272,274,276,278,280,282,284,286,288,290,292,294,296,298,300,302,304,306,308,310,312,314,316,318,320,322,324,326,328,330,332,334,336,338,340,342,344,346,348,350,352,354,356,358,360,362,364,366,368,370,372,374,376,378,380,382,384,386,388,390,392,394,396,398,400,402,404,406,408,410,412,414,416,418,420,422,424,426,428,430,432,434,436,438,440,442,444,446,448,450
300,640.01,743.892,919.447,1144.48,1402.84,1683.72,2141.38,2559.45,3237.81,3790.86,4553.1,5428.64,6276.65,7928.68,10000,10000,10000,9441.35,6245.3,3717.6,2110.05,1186.24,713.862,518.775,404.549,432.874,0,0,0,0,0,0,0,0,0,0,0,0,0,0,0,0,0,0,0,0,0,0,0,0,0,0,0,0,0,0,0,0,0,0,0,0,0,0,0,0,0,0,0,0,0,0,0,0,0,0,0,0,0,0,0,0,0,0,0,0,0,0,0,0,0,0,0,0,0,0,0,0,0,0,0,0,0,0,0,0
302,683.148,770.285,943.032,1188,1416.62,1680.48,2112.82,2623.61,3197.19,3768.45,4388.92,5193.47,5897.78,6921.03,8545.46,10000,10000,10000,7638.43,4296.91,2233.8,1187.11,736.096,540.63,408.176,359.993,416.773,0,0,0,0,0,0,0,0,0,0,0,0,0,0,0,0,0,0,0,0,0,0,0,0,0,0,0,0,0,0,0,0,0,0,0,0,0,0,0,0,0,0,0,0,0,0,0,0,0,0,0,0,0,0,0,0,0,0,0,0,0,0,0,0,0,0,0,0,0,0,0,0,0,0,0,0,0,0,0
304,698.502,848.149,914.252,1173.8,1404.45,1693.88,2068.4,2553.26,3127.73,3671.27,4198.54,4952.49,5607.72,6344.21,7044.01,8358.32,10000,10000,9350.78,5579.45,2698.88,1294.75,759.718,548.292,433.09,361.875,327.929,367.021,0,0,0,0,0,0,0,0,0,0,0,0,0,0,0,0,0,0,0,0,0,0,0,0,0,0,0,0,0,0,0,0,0,0,0,0,0,0,0,0,0,0,0,0,0,0,0,0,0,0,0,0,0,0,0,0,0,0,0,0,0,0,0,0,0,0,0,0,0,0,0,0,0,0,0,0,0,0
306,700.889,880.263,923.727,1177.08,1363.76,1699.71,2062.63,2416.49,2990.77,3505.21,4022.03,4670.78,5234.44,5900.99,6286.38,6697.42,8121.05,9960.38,9969.08,7326.18,3908.67,1752.77,864.757,574.883,462.756,390.453,334.202,320.773,372.571,0,0,0,0,0,0,0,0,0,0,0,0,0,0,0,0,0,0,0,0,0,0,0,0,0,0,0,0,0,0,0,0,0,0,0,0,0,0,0,0,0,0,0,0,0,0,0,0,0,0,0,0,0,0,0,0,0,0,0,0,0,0,0,0,0,0,0,0,0,0,0,0,0,0,0,0,0
308,751.935,866.865,969.67,1135.53,1351.31,1651.73,1991.09,2291.09,2826.27,3322.47,3796.74,4373.38,4919.96,5452.71,5813.68,5802.72,6292.33,7768.68,9246.59,8433.92,5571.55,2770.64,1230.88,661.951,498.166,412.822,363.581,324.017,314.003,365.398,0,0,0,0,0,0,0,0,0,0,0,0,0,0,0,0,0,0,0,0,0,0,0,0,0,0,0,0,0,0,0,0,0,0,0,0,0,0,0,0,0,0,0,0,0,0,0,0,0,0,0,0,0,0,0,0,0,0,0,0,0,0,0,0,0,0,0,0,0,0,0,0,0,0,0,0
310,806.289,846.414,975.202,1137.7,1382.7,1595.88,1922.78,2188.84,2690.92,3157.63,3540.2,4060.49,4556.08,5063.74,5312.57,5169.45,5180.77,5805.78,7133.41,7975.98,6921.68,4376.71,2134.94,975.404,578.803,449.247,398.243,339.071,305.235,308.765,367.4,0,0,0,0,0,0,0,0,0,0,0,0,0,0,0,0,0,0,0,0,0,0,0,0,0,0,0,0,0,0,0,0,0,0,0,0,0,0,0,0,0,0,0,0,0,0,0,0,0,0,0,0,0,0,0,0,0,0,0,0,0,0,0,0,0,0,0,0,0,0,0,0,0,0,0
312,836.826,871.605,1002.25,1158.52,1322.04,1545.91,1851.08,2147.53,2539.86,2934.87,3285.37,3750.77,4214.01,4632.1,4813.21,4730.34,4640.36,4643.23,5080.07,6224.39,6890.28,5829.87,3571.65,1724.74,797.736,518.066,423.511,368.733,332.544,312.908,303.02,344.71,0,0,0,0,0,0,0,0,0,0,0,0,0,0,0,0,0,0,0,0,0,0,0,0,0,0,0,0,0,0,0,0,0,0,0,0,0,0,0,0,0,0,0,0,0,0,0,0,0,0,0,0,0,0,0,0,0,0,0,0,0,0,0,0,0,0,0,0,0,0,0,0,0,0
314,852.955,920.261,1014.41,1130.82,1273.66,1491.43,1757.46,2039.67,2384.86,2732.46,3070.68,3444.67,3870.19,4234.68,4449.77,4322.72,4211.27,4038.35,3826.26,4263.99,5482.42,6165.52,5065.8,2993.98,1373.1,673.41,465.456,396.047,355.605,320.008,292.635,282.47,328.312,0,0,0,0,0,0,0,0,0,0,0,0,0,0,0,0,0,0,0,0,0,0,0,0,0,0,0,0,0,0,0,0,0,0,0,0,0,0,0,0,0,0,0,0,0,0,0,0,0,0,0,0,0,0,0,0,0,0,0,0,0,0,0,0,0,0,0,0,0,0,0,0,0
316,855.583,929.301,1018.01,1098.54,1234.33,1476.85,1675.39,1948.49,2183.7,2505.88,2853.65,3144.83,3533.64,3880.7,4070.73,3924.47,3860.01,3587.09,3237.21,2935.91,3652.5,5085.52,5760.66,4458.7,2473.83,1105.7,576.264,429.591,373.204,329.657,307.984,267.107,261.212,311.953,0,0,0,0,0,0,0,0,0,0,0,0,0,0,0,0,0,0,0,0,0,0,0,0,0,0,0,0,0,0,0,0,0,0,0,0,0,0,0,0,0,0,0,0,0,0,0,0,0,0,0,0,0,0,0,0,0,0,0,0,0,0,0,0,0,0,0,0,0,0,0,0
318,853.802,859.046,981.268,1098.28,1200.05,1454.99,1593.95,1857.72,2005.84,2321,2634.23,2845.61,3190.2,3520.71,3643.87,3616.16,3497.68,3216.25,2911.97,2347.34,2323.61,3375.49,5033.73,5334.04,3898.41,2028.89,915.474,516.745,390.266,338.695,325.503,271.074,249.065,246.378,286.72,0,0,0,0,0,0,0,0,0,0,0,0,0,0,0,0,0,0,0,0,0,0,0,0,0,0,0,0,0,0,0,0,0,0,0,0,0,0,0,0,0,0,0,0,0,0,0,0,0,0,0,0,0,0,0,0,0,0,0,0,0,0,0,0,0,0,0,0,0,0,0
320,824.639,865.081,917.479,1063.08,1202.27,1394.36,1511.89,1744.13,1928.65,2153.3,2448.8,2629,2934.59,3193.4,3295.34,3302.97,3169.93,2979.69,2670.82,2122.94,1753.28,2076.3,3488.66,4879.92,4839.94,3298.03,1664.02,788.93,438.729,358.206,335.029,283.719,256.19,234.81,232.143,255.745,0,0,0,0,0,0,0,0,0,0,0,0,0,0,0,0,0,0,0,0,0,0,0,0,0,0,0,0,0,0,0,0,0,0,0,0,0,0,0,0,0,0,0,0,0,0,0,0,0,0,0,0,0,0,0,0,0,0,0,0,0,0,0,0,0,0,0,0,0,0
322,815.213,876.681,902.624,1032.06,1187.46,1357.99,1459,1636.91,1839.39,2032.08,2281.97,2424.6,2675.36,2919.93,2979.03,2985.07,2896.29,2772.6,2440.21,1991.3,1548.81,1470.95,2071.96,3524.43,4703.37,4350.15,2767.72,1435.72,622.869,405.901,355.566,303.042,266.942,247.798,227.486,215.347,250.705,0,0,0,0,0,0,0,0,0,0,0,0,0,0,0,0,0,0,0,0,0,0,0,0,0,0,0,0,0,0,0,0,0,0,0,0,0,0,0,0,0,0,0,0,0,0,0,0,0,0,0,0,0,0,0,0,0,0,0,0,0,0,0,0,0,0,0,0,0
324,838.553,852.961,906.146,1029.83,1132.55,1275.08,1416.52,1588.12,1709.94,1878.5,2080.83,2215.29,2477.33,2655.96,2727.63,2784.8,2637.91,2558.89,2269.83,1856.3,1482.07,1247.15,1349.96,2131.39,3594.54,4458.47,3790.44,2446.12,1077.6,548.655,389.304,330.012,283.746,262.658,237.249,208.638,208.859,281.536,0,0,0,0,0,0,0,0,0,0,0,0,0,0,0,0,0,0,0,0,0,0,0,0,0,0,0,0,0,0,0,0,0,0,0,0,0,0,0,0,0,0,0,0,0,0,0,0,0,0,0,0,0,0,0,0,0,0,0,0,0,0,0,0,0,0,0,0
326,859.858,883.176,907.678,1016.91,1078.56,1227.65,1345.66,1501.99,1583.31,1806.61,1921.13,2066.32,2255.29,2412.7,2578.64,2571.77,2415.23,2342.13,2096.96,1759.14,1431.22,1174.46,1137.17,1341.02,2262.34,3577.31,4133.44,3450.19,1892.62,900.704,486.371,369.642,306.503,280.166,254.526,225.07,205.611,220.906,243.498,0,0,0,0,0,0,0,0,0,0,0,0,0,0,0,0,0,0,0,0,0,0,0,0,0,0,0,0,0,0,0,0,0,0,0,0,0,0,0,0,0,0,0,0,0,0,0,0,0,0,0,0,0,0,0,0,0,0,0,0,0,0,0,0,0,0,0
328,859.13,905.876,919.883,999.682,1060.85,1180.61,1312.67,1384.96,1530.93,1718.08,1776.41,1926.53,2084.19,2244.16,2367.65,2300.93,2270.46,2177.42,1964.67,1679.43,1386.07,1156.5,1094.65,1073.44,1397.5,2307.34,3494.02,3860.53,2890.69,1622.12,775.745,456.473,352.986,311.758,280.691,257.681,233.085,215.809,212.553,255.674,0,0,0,0,0,0,0,0,0,0,0,0,0,0,0,0,0,0,0,0,0,0,0,0,0,0,0,0,0,0,0,0,0,0,0,0,0,0,0,0,0,0,0,0,0,0,0,0,0,0,0,0,0,0,0,0,0,0,0,0,0,0,0,0,0,0
330,869.094,910.894,900.777,996.062,1050.67,1146,1250.02,1311.13,1470.58,1592.19,1689.91,1770.07,1928.05,2071.76,2172.04,2104.04,2137.49,2076.74,1886.63,1593.77,1332.91,1174.77,1099.85,1028.73,1055.4,1446.17,2425.79,3377.43,3481.51,2509.17,1343.96,682.577,426.256,345.291,308.961,289.648,259.225,233.699,216.998,216.467,239.744,0,0,0,0,0,0,0,0,0,0,0,0,0,0,0,0,0,0,0,0,0,0,0,0,0,0,0,0,0,0,0,0,0,0,0,0,0,0,0,0,0,0,0,0,0,0,0,0,0,0,0,0,0,0,0,0,0,0,0,0,0,0,0,0,0
332,864.135,872.869,890.496,1011.39,1034.21,1120.17,1203.44,1289.91,1409.94,1475.16,1603.8,1691.66,1811.33,1942.59,2014.22,1968.96,1986.63,1948.22,1795.61,1526.73,1317.63,1168.82,1107.35,1009.65,968.471,1059.06,1490.52,2389.56,3368.29,3224.74,2166.48,1161.73,589.144,402.851,340.98,314.947,289.291,275.506,241.182,217.595,216.644,243.451,0,0,0,0,0,0,0,0,0,0,0,0,0,0,0,0,0,0,0,0,0,0,0,0,0,0,0,0,0,0,0,0,0,0,0,0,0,0,0,0,0,0,0,0,0,0,0,0,0,0,0,0,0,0,0,0,0,0,0,0,0,0,0,0
334,874.618,878.433,903.779,972.899,1053.45,1078.39,1192.86,1289.74,1339.77,1444.78,1513.6,1623.98,1710.66,1851.46,1890.64,1875.56,1844.96,1810.58,1704.3,1500.4,1314.21,1158.17,1104.43,1013.64,957.629,943.326,1020.41,1510.19,2596.4,3264.84,2886.78,1879.49,958.476,533.534,384.517,345.506,323.154,309.802,278.081,240.676,226.639,226.555,253.52,0,0,0,0,0,0,0,0,0,0,0,0,0,0,0,0,0,0,0,0,0,0,0,0,0,0,0,0,0,0,0,0,0,0,0,0,0,0,0,0,0,0,0,0,0,0,0,0,0,0,0,0,0,0,0,0,0,0,0,0,0,0,0
336,898.544,867.726,916.374,926.737,1050.12,1057.18,1188.41,1272.9,1269.68,1384.78,1438.88,1532.42,1614.38,1762.89,1793.98,1808.79,1762.14,1745.6,1628.92,1460.11,1305.37,1168.65,1107.4,1034.85,978.922,927.229,898.674,1026.67,1690.48,2645.95,3105.61,2613.63,1567.56,821.634,475.835,383.408,351.356,336.809,309.616,269.943,251.943,237.612,231.776,251.913,0,0,0,0,0,0,0,0,0,0,0,0,0,0,0,0,0,0,0,0,0,0,0,0,0,0,0,0,0,0,0,0,0,0,0,0,0,0,0,0,0,0,0,0,0,0,0,0,0,0,0,0,0,0,0,0,0,0,0,0,0,0
338,918.165,891.031,929.033,951.09,998.616,1052.1,1154.66,1214.34,1244.67,1314.98,1379.17,1463.32,1557.33,1656.07,1710.04,1694.69,1683.06,1691.55,1583.07,1428.65,1282.1,1181.5,1098.39,1063.78,995.564,935.285,871.883,861.401,1094.14,1803.67,2668.94,2939.05,2265.47,1346.39,709.605,455.618,384.255,348.797,335.699,306.571,281.058,262.348,231.465,229.476,242.423,0,0,0,0,0,0,0,0,0,0,0,0,0,0,0,0,0,0,0,0,0,0,0,0,0,0,0,0,0,0,0,0,0,0,0,0,0,0,0,0,0,0,0,0,0,0,0,0,0,0,0,0,0,0,0,0,0,0,0,0,0
340,930.184,916.434,907.907,940.54,999.904,1094.22,1099.3,1178.64,1211.02,1289.35,1348.83,1424.19,1507.6,1562.46,1630.46,1619.28,1599.29,1596.62,1527.31,1406.15,1247.27,1179.79,1106.39,1072.96,1008.84,950.25,877.395,820.445,842.709,1149.95,1870.12,2624.23,2704.01,2016.95,1156.88,638.409,443.143,390.047,356.271,329.077,306.22,278.002,247.967,232.246,222.054,236.421,0,0,0,0,0,0,0,0,0,0,0,0,0,0,0,0,0,0,0,0,0,0,0,0,0,0,0,0,0,0,0,0,0,0,0,0,0,0,0,0,0,0,0,0,0,0,0,0,0,0,0,0,0,0,0,0,0,0,0,0
342,939.213,932.333,902.495,926.57,996.948,1124.98,1104.14,1171.13,1209.98,1287.1,1330,1377.99,1447.32,1518.35,1568.3,1572.9,1546.51,1523.13,1453.95,1359.66,1239.38,1154.93,1121.48,1074.94,1025.01,960.273,883.73,824.418,800.951,882.595,1227.19,1965.89,2609.74,2493.35,1741.29,968.94,567.325,430.086,380.13,339.885,322.921,296.27,269.527,238.915,225.549,217.776,226.517,0,0,0,0,0,0,0,0,0,0,0,0,0,0,0,0,0,0,0,0,0,0,0,0,0,0,0,0,0,0,0,0,0,0,0,0,0,0,0,0,0,0,0,0,0,0,0,0,0,0,0,0,0,0,0,0,0,0,0
344,945.121,960.929,933.56,950.391,977.593,1129.36,1120.79,1155.79,1234,1302.21,1296,1358.1,1357.38,1463.12,1491.02,1489.29,1503.22,1488.11,1420.4,1323.44,1229.62,1154.39,1132.98,1083.58,1027.04,990.5,914.069,842.821,790.316,789.255,869.527,1288.33,2015.88,2550,2299.66,1507.58,846.619,518.385,406.754,361.304,349.036,317.59,283.754,255.835,236.292,210.32,211.774,214.808,0,0,0,0,0,0,0,0,0,0,0,0,0,0,0,0,0,0,0,0,0,0,0,0,0,0,0,0,0,0,0,0,0,0,0,0,0,0,0,0,0,0,0,0,0,0,0,0,0,0,0,0,0,0,0,0,0,0
346,919.673,942.23,923.621,981.829,975.557,1068.03,1108.77,1139.93,1240.7,1287.13,1283.7,1341.33,1328.22,1438.17,1439.17,1424.73,1458.05,1438.64,1380.93,1310.6,1202.42,1163.76,1123.26,1093.01,1025.44,1016.45,937.128,858.625,798.719,786.834,767.703,911.299,1382.79,2098.36,2437.54,2017.1,1299.95,734.234,474.099,383.967,359.806,331.389,307.889,285.949,254.761,223.393,209.668,201.222,219.33,0,0,0,0,0,0,0,0,0,0,0,0,0,0,0,0,0,0,0,0,0,0,0,0,0,0,0,0,0,0,0,0,0,0,0,0,0,0,0,0,0,0,0,0,0,0,0,0,0,0,0,0,0,0,0,0,0
348,958.386,937.527,920.416,974.946,1012.31,1047.07,1089.93,1115.41,1218.5,1261.26,1284.89,1362.93,1351.94,1410.75,1399.65,1402.51,1407.81,1399.59,1369.72,1259.5,1191.17,1152,1123.4,1083.98,1040.6,1004.81,945.162,872.319,812.867,795.27,778.919,781.028,973.88,1473.33,2131.96,2301.22,1827.76,1121.76,637.201,428.83,385.191,346.631,329.487,303.846,271.694,240.742,218.745,198.288,193.792,199.031,0,0,0,0,0,0,0,0,0,0,0,0,0,0,0,0,0,0,0,0,0,0,0,0,0,0,0,0,0,0,0,0,0,0,0,0,0,0,0,0,0,0,0,0,0,0,0,0,0,0,0,0,0,0,0,0
350,979.501,919.78,944.007,960.687,1014.57,1031.37,1085.96,1153.38,1209.41,1239.07,1269.27,1335.35,1335.97,1385.01,1378.65,1389.12,1396.44,1372.92,1341.39,1233.97,1214.38,1169.37,1128.3,1090.24,1068.98,986.856,945.184,893.937,836.974,803.36,783.787,757.504,799.981,1010.24,1582.13,2120.57,2194.99,1624.6,966.121,543.342,423.727,371.667,341.713,315.448,288.39,263.766,231.523,204.26,185.674,179.013,198.376,0,0,0,0,0,0,0,0,0,0,0,0,0,0,0,0,0,0,0,0,0,0,0,0,0,0,0,0,0,0,0,0,0,0,0,0,0,0,0,0,0,0,0,0,0,0,0,0,0,0,0,0,0,0,0
352,977.069,929.152,978.134,986.328,1038.51,1006.8,1108.26,1159.78,1188.35,1225.87,1258.55,1270.91,1362.67,1358.34,1371.91,1397.77,1383.23,1349.02,1298.3,1246.14,1204.2,1172.93,1141.19,1094.41,1071.12,991.992,940.18,903.356,846.62,815.636,796.124,753.653,744.775,796.201,1074.33,1634.06,2157.13,2030.22,1423.97,799.151,515.189,404.399,359.734,324.083,305.768,284.817,250.343,223.711,188.557,177.75,178.064,194.931,0,0,0,0,0,0,0,0,0,0,0,0,0,0,0,0,0,0,0,0,0,0,0,0,0,0,0,0,0,0,0,0,0,0,0,0,0,0,0,0,0,0,0,0,0,0,0,0,0,0,0,0,0,0
354,914.483,924.831,974.202,1025.77,1017.82,1045.74,1120.01,1162.7,1203,1231.2,1246.55,1238.67,1300.9,1357.59,1339.05,1377.74,1346.04,1322.62,1301.95,1244.92,1207.83,1171.54,1160.07,1095.79,1068.85,1008.93,945.324,921.948,849.958,831.477,807.847,751.986,730.179,734.603,812.095,1139.55,1717.73,2095.36,1838.26,1192.55,717.613,476.927,389.247,344.162,328.968,294.606,270.503,241.837,202.447,182.817,175.305,171.589,192.553,0,0,0,0,0,0,0,0,0,0,0,0,0,0,0,0,0,0,0,0,0,0,0,0,0,0,0,0,0,0,0,0,0,0,0,0,0,0,0,0,0,0,0,0,0,0,0,0,0,0,0,0,0
356,951.255,952.129,985.657,1007.35,1049.26,1099.33,1148.45,1163.76,1210.36,1248.21,1251.19,1249.35,1296.76,1375.93,1363.56,1353.81,1323.18,1312.55,1303.57,1240.91,1207.22,1152.62,1167.4,1104.49,1075.28,1028.25,962.447,926.076,867.31,844.431,813.058,768.036,741.557,723.377,727.992,849.499,1218.66,1783.85,2021.33,1617.19,1052.39,636.549,438.97,372.857,347.198,313.423,286.819,251.653,220.431,199.871,177.725,162.925,171.499,182.166,0,0,0,0,0,0,0,0,0,0,0,0,0,0,0,0,0,0,0,0,0,0,0,0,0,0,0,0,0,0,0,0,0,0,0,0,0,0,0,0,0,0,0,0,0,0,0,0,0,0,0,0
358,958.96,1001.14,962.266,1002.15,1078.69,1121.55,1155.83,1175.29,1192.33,1246.97,1293.02,1269.81,1343.86,1378.85,1371.73,1348.01,1311.18,1310.12,1271.23,1250.86,1204.56,1150.79,1149.28,1097.57,1097.65,1032.43,983.441,926.337,876.684,856.768,834.21,776.174,755.827,721.354,714.869,730.838,897.166,1304.64,1820.8,1896.52,1476.89,938.454,562.304,420.157,364.285,337.549,299.435,266.48,238.644,218.524,188.932,171.497,164.864,165.91,181.903,0,0,0,0,0,0,0,0,0,0,0,0,0,0,0,0,0,0,0,0,0,0,0,0,0,0,0,0,0,0,0,0,0,0,0,0,0,0,0,0,0,0,0,0,0,0,0,0,0,0,0
360,990.048,1042.5,985.073,994.652,1108.4,1130.64,1162.76,1174.16,1208.83,1282.63,1276,1299.53,1364.32,1366.34,1348.92,1339.27,1307.2,1289.2,1261.87,1235.39,1189.63,1164.33,1153.75,1109.12,1083.93,1036.95,983.148,927.758,894.513,855.161,845.562,794.366,768.359,737.296,710.453,702.486,737.372,895.933,1374.36,1855.95,1818.71,1348.85,810.009,527.773,418.282,349.645,313.207,291.593,258.865,233.031,200.468,189.815,167.332,163.058,171.004,178.433,0,0,0,0,0,0,0,0,0,0,0,0,0,0,0,0,0,0,0,0,0,0,0,0,0,0,0,0,0,0,0,0,0,0,0,0,0,0,0,0,0,0,0,0,0,0,0,0,0,0
362,1046.29,1035.94,1008.17,1028.76,1069.17,1100.15,1145.25,1138.66,1231.15,1297.68,1271.63,1343.41,1337.37,1342.05,1353.17,1337.1,1307.91,1283.1,1274.49,1233.91,1188,1171.27,1174.45,1116.25,1069.11,1031.71,985.061,933.453,915.788,863.338,844.386,807.529,790.424,760.151,722.573,716.131,682.635,726.438,985.469,1507.43,1826.7,1691.56,1186.31,736.642,498.527,378.349,328.318,311.011,276.742,251.358,223.239,204.656,179.87,167.498,159.579,162.142,182.376,0,0,0,0,0,0,0,0,0,0,0,0,0,0,0,0,0,0,0,0,0,0,0,0,0,0,0,0,0,0,0,0,0,0,0,0,0,0,0,0,0,0,0,0,0,0,0,0,0
364,1063.08,993.485,1028.02,1076.9,1092.54,1106.47,1122.24,1175.72,1235.19,1283.99,1309.44,1360.56,1337.6,1363.25,1378.1,1362.72,1334.55,1286.32,1275.46,1261.68,1213.87,1173.48,1156.15,1105.04,1077.32,1026.12,1002.22,944.558,926.395,888.908,856.552,820.345,808.527,770.194,726.247,727.939,680.701,688.557,766.94,1091.05,1548.47,1792.66,1593.82,1083.14,676.839,463.188,364.449,323.7,289.803,275.938,248.1,217.941,194.973,179.458,161.013,161.095,164.486,178.691,0,0,0,0,0,0,0,0,0,0,0,0,0,0,0,0,0,0,0,0,0,0,0,0,0,0,0,0,0,0,0,0,0,0,0,0,0,0,0,0,0,0,0,0,0,0,0,0
366,1075.89,1016.18,1029.39,1127.24,1074.9,1125.26,1170.01,1215.36,1266.95,1273.6,1329.1,1350.44,1378.24,1382.48,1389.12,1376.98,1353.26,1312.56,1294.13,1265.79,1219.82,1186.48,1147.29,1120.99,1077.31,1041.47,1018.56,956.977,925.562,905.022,856.938,834.823,809.726,773.701,749.181,737.884,698.984,704.006,691.749,790.891,1152.66,1582.25,1798.07,1474.06,986.028,621.984,433.929,346.307,307.655,288.806,260.568,228.239,219.875,195.472,174.095,164.644,158.197,157.642,181.106,0,0,0,0,0,0,0,0,0,0,0,0,0,0,0,0,0,0,0,0,0,0,0,0,0,0,0,0,0,0,0,0,0,0,0,0,0,0,0,0,0,0,0,0,0,0,0
368,1056.82,1079.03,1027.01,1107.43,1124.66,1138.77,1230.43,1240.02,1286.6,1312.2,1342.2,1349.62,1398.84,1418.44,1391.38,1392.02,1346.48,1340.91,1316.29,1264.08,1210.98,1199.13,1161.37,1136.67,1092.22,1058.45,1036.69,988.619,933.646,910.479,868.357,846.64,818.412,789.301,768.002,763.028,722.629,705.869,675.33,673.762,839.245,1193.39,1666.35,1756.25,1402.52,909.02,573.81,403.23,339.869,301.195,272.409,244.492,235.579,221.374,194.491,169.947,156.203,146.839,153.353,172.696,0,0,0,0,0,0,0,0,0,0,0,0,0,0,0,0,0,0,0,0,0,0,0,0,0,0,0,0,0,0,0,0,0,0,0,0,0,0,0,0,0,0,0,0,0,0
370,1059.11,1101.34,1101.02,1167.36,1182.26,1153.21,1204.77,1255.41,1329.8,1358.19,1391.79,1395.48,1411.7,1425.29,1408.44,1428.93,1362.57,1351.76,1322.77,1260.2,1219.26,1182.07,1171.62,1157.22,1118.14,1068.49,1042.56,998.228,962.08,925.188,881.611,850.133,832.788,812.581,782.694,769.693,732.059,723.789,682.038,657.014,692.642,873.284,1314.25,1709.77,1710.6,1285.84,836.315,525.063,387.388,317.245,291.064,265.217,248.267,235.819,215.665,184.366,169.193,149.132,145.166,154.425,172.122,0,0,0,0,0,0,0,0,0,0,0,0,0,0,0,0,0,0,0,0,0,0,0,0,0,0,0,0,0,0,0,0,0,0,0,0,0,0,0,0,0,0,0,0,0
372,1075.09,1072.14,1142.66,1146.61,1161.84,1153.38,1206.9,1267.59,1329.26,1360.42,1410.21,1401.7,1437.68,1441.81,1423.08,1434.3,1397.87,1354.53,1338.62,1275.16,1220.03,1181.46,1193.69,1151.74,1122.63,1086.86,1030.58,1014.3,967.728,943.773,886.881,870.543,849.068,818.982,793.96,774.409,740.187,727.294,703.492,666.288,656.529,709.378,941.702,1378.77,1739.02,1631.45,1235.12,779.87,497.927,365.157,301.063,287.197,264.123,251.219,224.966,199.743,185.193,164.226,145.436,144.764,152.294,165.431,0,0,0,0,0,0,0,0,0,0,0,0,0,0,0,0,0,0,0,0,0,0,0,0,0,0,0,0,0,0,0,0,0,0,0,0,0,0,0,0,0,0,0,0
374,1077.79,1063.53,1131.65,1121.94,1139.22,1127.34,1240.32,1269.61,1336.8,1355.6,1394.65,1392.12,1443.81,1412.11,1441.18,1418.42,1406.23,1350.57,1334.76,1295,1227.73,1208.87,1189.42,1163.21,1121.14,1083.19,1028.94,1026.55,964.671,944.787,905.375,873.33,850.217,828.521,799.358,790.309,763.219,736.458,709.547,680.561,654.983,649.982,722.923,998.013,1462.39,1749.86,1603.2,1167.36,714.469,463.378,336.545,302.653,274.435,262.218,229.762,219.074,197.981,182.277,153.106,142.851,138.959,143.516,164.016,0,0,0,0,0,0,0,0,0,0,0,0,0,0,0,0,0,0,0,0,0,0,0,0,0,0,0,0,0,0,0,0,0,0,0,0,0,0,0,0,0,0,0
376,1058.4,1068.81,1120.06,1159.61,1152.16,1145.06,1255.73,1269.52,1319.11,1309.74,1384.39,1388.2,1421.85,1424.51,1429.54,1405.12,1397.06,1369.64,1283.89,1293.33,1260.42,1222.31,1173.81,1152.45,1110.04,1077.09,1029.24,1010.45,961.599,931.565,918.226,872.545,850.226,828.606,793.226,794.104,781.352,732.922,698.459,684.48,656.627,648.477,645.453,754.266,1075.72,1555.52,1773.85,1567.37,1066.14,661.89,416.288,333.449,287.905,269.504,243.865,229.852,210.718,192.661,168.802,152.95,134.622,134.425,147.018,160.622,0,0,0,0,0,0,0,0,0,0,0,0,0,0,0,0,0,0,0,0,0,0,0,0,0,0,0,0,0,0,0,0,0,0,0,0,0,0,0,0,0,0
378,1084.17,1069.85,1097.7,1153.86,1174.23,1186.46,1218.62,1266.95,1271.72,1302.48,1361.33,1382.25,1404.4,1427.96,1402.02,1401.89,1390.84,1381.04,1303.18,1290.13,1279.09,1217.82,1173.43,1146.47,1115.8,1063.32,1039.23,1010.69,950.858,931.184,920.847,886.334,852.914,830.615,809.919,788.833,781.757,732.843,707.189,692.032,664.474,642.15,634.128,643.954,787.393,1165.85,1615.52,1796.52,1492.51,1003.77,596.485,400.605,319.619,280.65,259.611,240.502,226.18,206.27,181.243,168.045,146.367,134.8,136.325,138.729,157.557,0,0,0,0,0,0,0,0,0,0,0,0,0,0,0,0,0,0,0,0,0,0,0,0,0,0,0,0,0,0,0,0,0,0,0,0,0,0,0,0,0
380,1121.9,1065.94,1104.58,1133.48,1163.49,1222.99,1231.51,1239.15,1255.98,1344.23,1353.74,1391.87,1407.61,1406.75,1392.28,1420.25,1389.7,1372.42,1338.86,1276.97,1257.42,1213.47,1176.63,1140.95,1104.32,1059.98,1022.49,1001.42,939.873,929.071,925.513,901.491,848.654,828.864,817.796,792.453,765.695,744.002,713.222,686.231,670.627,652.227,636.635,612.228,648.7,833.35,1251.04,1716.38,1791.66,1421.54,904.912,553.853,383.462,298.366,278.162,252.27,235.127,218.004,192.348,179.264,157.658,137.427,129.514,129.606,134.494,167.752,0,0,0,0,0,0,0,0,0,0,0,0,0,0,0,0,0,0,0,0,0,0,0,0,0,0,0,0,0,0,0,0,0,0,0,0,0,0,0,0
382,1103.19,1050.47,1124.93,1102.34,1118.38,1210.98,1212.1,1253.98,1271.36,1349.78,1330.61,1381.99,1419.88,1383.53,1395.46,1400.47,1409.27,1357.66,1319.24,1274.17,1227.36,1199.79,1142.25,1146.86,1105.12,1061.72,999.936,990.457,953.984,927.336,913.233,889.748,849.551,834.005,800.925,787.202,776.462,756.939,713.976,685.943,678.899,653.534,623.366,604.095,600.34,652.445,899.341,1363,1758.46,1765.66,1307.93,825.803,507.048,337.552,294.392,263.211,240.505,228.296,201.866,186.665,168.913,140.963,134.891,124.013,126.437,138.562,146.986,0,0,0,0,0,0,0,0,0,0,0,0,0,0,0,0,0,0,0,0,0,0,0,0,0,0,0,0,0,0,0,0,0,0,0,0,0,0,0
384,1090.44,1054.72,1107.12,1096.84,1130.11,1188.99,1173.17,1229.65,1291.68,1301.97,1350.83,1360.53,1414.79,1381.48,1391.65,1377.61,1432.7,1332.32,1296.82,1262.33,1228.24,1197.36,1166.27,1141.79,1088.1,1049.26,996.005,972.069,945.283,920.259,908.538,871.146,848.052,837.299,790.278,779.325,779.984,751.594,725.458,697.918,681.55,646.073,620.146,603.791,583.828,598.524,667.55,960.691,1457.1,1840.29,1692.66,1227.44,759.225,452.823,322.298,280.17,247.622,233.794,207.057,194.959,183.431,159.058,143.198,125.007,120.438,121.439,127.828,146.341,0,0,0,0,0,0,0,0,0,0,0,0,0,0,0,0,0,0,0,0,0,0,0,0,0,0,0,0,0,0,0,0,0,0,0,0,0,0
386,1094.35,1091.2,1065.81,1127.02,1138.98,1182.26,1140.53,1247.51,1287.7,1304.99,1356.51,1346.75,1387.19,1395.01,1387.05,1384.78,1374.47,1292.11,1276.94,1232.32,1195.87,1186.74,1150.53,1125.3,1068.53,1036.29,988.084,968.62,940.474,906.386,898.674,863.571,846.781,836.486,796.64,771.687,760.3,737.053,734.88,702.62,681.111,646.801,638.19,597.77,585.101,589.71,571.183,691.131,1055.26,1590.56,1856.81,1630.01,1133.69,673.656,401.265,301.289,258.152,242.462,213.328,198.134,186.077,171.368,147.98,133.762,118.857,114.09,115.165,122.136,135.726,0,0,0,0,0,0,0,0,0,0,0,0,0,0,0,0,0,0,0,0,0,0,0,0,0,0,0,0,0,0,0,0,0,0,0,0,0
388,1086.04,1079.38,1058.71,1111.21,1086.58,1160.26,1123.09,1209.32,1263.72,1271.56,1317.2,1323.32,1366.65,1405.01,1367.84,1365.65,1313.42,1290.32,1271.56,1251.98,1173.45,1155.3,1134.34,1089.83,1064.21,1023.16,978.245,945.879,935.12,895.759,895.153,858.258,835.576,825.332,794.514,766.477,762.714,741.991,732.482,691.111,673.478,648.686,645.829,590.507,582.467,579.628,549.205,572.341,753.08,1174.51,1679.99,1865.08,1563.66,1031.43,572.528,362.382,281.761,246.443,225.402,208.796,189.902,170.31,155.63,143.935,124.119,111.912,105.491,105.11,115.873,135.348,0,0,0,0,0,0,0,0,0,0,0,0,0,0,0,0,0,0,0,0,0,0,0,0,0,0,0,0,0,0,0,0,0,0,0,0
390,1048.75,1043.88,1075.58,1062.08,1093.82,1110.48,1134.95,1191.27,1232.68,1256.38,1286.63,1304.55,1338.27,1342.59,1378.74,1336.71,1301.56,1260.22,1282.12,1240.64,1142.88,1130.37,1107.67,1066.37,1081.64,994.107,984.419,935.973,920.797,879.72,879.841,848.215,823.209,812.123,786.895,773.602,740.437,742.703,715.274,684.305,659.185,637.653,628.474,600.316,581.173,565.668,542.286,537.793,585.613,796.554,1246.69,1757.45,1858.33,1486.05,914.203,517.64,336.127,258.732,241.384,220.961,196.216,175.107,160.064,150.731,137.284,117.729,108.209,96.8413,102.005,114.615,128.935,0,0,0,0,0,0,0,0,0,0,0,0,0,0,0,0,0,0,0,0,0,0,0,0,0,0,0,0,0,0,0,0,0,0,0
392,1033.18,1028.11,1021.19,1056.65,1104.44,1104.43,1139.58,1170.79,1211.19,1265.16,1266.52,1302.41,1291.7,1321.7,1389.92,1307.51,1298.18,1264.73,1257.22,1226.56,1112.79,1141.79,1083.84,1054.18,1063.27,988.669,976.006,935.475,901.806,870.674,843.076,839.639,813.605,802.526,782.06,774.223,739.723,723.705,707.689,681.167,652.626,640.401,623.416,607.808,587.157,558.91,538.602,526.813,533.858,595.203,854.312,1392.65,1830.13,1822.26,1334.61,790.967,460.181,300.046,249.134,228.101,199.785,182.26,164.814,153.556,143.919,123.445,113.403,96.1919,95.1899,105.464,107.152,126.138,0,0,0,0,0,0,0,0,0,0,0,0,0,0,0,0,0,0,0,0,0,0,0,0,0,0,0,0,0,0,0,0,0,0
394,1003.37,1061.04,1030.74,1037.81,1110.03,1077.47,1111.57,1154.87,1193.12,1252.95,1246.7,1271.86,1264.64,1311.76,1320.56,1293.85,1264.11,1260.43,1217.72,1183.03,1118.71,1128.62,1087.6,1041.47,1022.87,985.46,960.842,921.038,872.507,866.389,838.446,834.519,802.527,794.464,778.079,759.162,739.282,715.496,707.256,673.025,651.533,629.551,619.474,598.861,584.089,555.789,536.451,511.708,519.633,512.45,619.957,966.214,1500.92,1861.73,1733.72,1203.82,695.682,407.945,275.568,234.166,207.655,188.867,173.106,156.103,148.109,133.246,121.099,102.448,94.0663,98.9716,91.7791,104.306,118.666,0,0,0,0,0,0,0,0,0,0,0,0,0,0,0,0,0,0,0,0,0,0,0,0,0,0,0,0,0,0,0,0,0
396,1011.42,1031.76,1018.27,1049.23,1081.43,1064.72,1095.88,1129.8,1143.93,1220.73,1216.74,1242.53,1237.97,1298.65,1268.86,1299.29,1245.45,1253.82,1187.33,1156.2,1111.12,1099.77,1053.4,1015.87,1011.59,982.367,935.356,894.218,852.282,843.569,820.348,819.642,793.402,759.001,766.778,736.227,727.902,704.397,701.912,658.338,656.856,612.014,617.149,590.036,572.488,549.485,545.744,512.747,505.151,485.812,506.771,640.946,1033.7,1590.35,1893.78,1633.9,1070.23,625.613,355.953,254.908,213.106,193.283,175.491,163.153,148.422,135.758,129.889,112.74,93.0005,92.8651,86.0069,88.7128,98.5838,113.97,0,0,0,0,0,0,0,0,0,0,0,0,0,0,0,0,0,0,0,0,0,0,0,0,0,0,0,0,0,0,0,0
398,971.037,991.45,1005.19,1052.56,1050.29,1065.94,1086.46,1090.38,1099.24,1188.05,1191.23,1216.28,1214.27,1275.98,1260.4,1275.61,1226.25,1239.9,1152.57,1137.31,1090.53,1067.62,1018.22,988.913,993.108,950.136,918.132,872.667,847.231,825.678,812.64,794.885,780.065,738.39,759.057,724.561,714.59,688.528,676.707,646.908,636.899,605.127,606.806,589.149,559.376,535.576,537.465,519.166,488.41,472.321,467.118,495.553,681.863,1127.26,1682.67,1853.27,1502.18,985.936,533.055,315.543,232.712,199.828,174.627,172.17,152.69,136.966,134.58,121.378,99.3934,92.9816,84.3351,78.3779,88.1092,95.2457,109.533,0,0,0,0,0,0,0,0,0,0,0,0,0,0,0,0,0,0,0,0,0,0,0,0,0,0,0,0,0,0,0
400,977.934,972.785,1004.61,1041.81,1008.34,1063.26,1054.98,1099.09,1098.81,1147.83,1173.68,1193.17,1212.63,1273.6,1244.1,1219.57,1212.3,1176.32,1154.94,1104.26,1049.99,1068.38,990.177,966.999,962.674,928.8,898.956,862.945,823.364,807.566,792.091,768.304,760.085,737.102,729.646,706.615,700.991,679.281,642.625,635.956,628.123,604.342,593.044,580.854,541.593,532.226,520.525,520.74,486.192,470.602,464.606,452.052,513.64,733.67,1259.22,1762.35,1799.33,1389.5,831.532,465.317,279.259,213.566,184.031,172.299,155.64,143.846,131.763,123.809,108.07,97.5539,85.8991,74.8529,77.0187,85.7991,89.3284,106.149,0,0,0,0,0,0,0,0,0,0,0,0,0,0,0,0,0,0,0,0,0,0,0,0,0,0,0,0,0,0
402,971.015,965.376,981.52,997.2,982.498,1035.27,1048.67,1080.37,1092.56,1098.69,1141.58,1181.24,1186.06,1249.13,1233.24,1193.94,1181.4,1145.04,1137.59,1095.56,1041.63,1036.73,970.399,952.707,933.585,901.481,878.889,835.602,804.053,781.776,771.713,760.783,748.458,722.208,722.69,688.931,680.061,661.776,626.327,627.105,617.512,603.437,580.413,569.406,525.469,525.136,511.335,503.467,483.677,462.506,451.919,445.054,455.161,519.449,836.41,1391.1,1806.3,1720.2,1240.62,733.685,393.735,251.082,196.828,175.631,158.292,150.447,131.904,123.04,114.852,98.8655,89.4211,80.1547,71.6764,79.0809,75.8918,87.9341,100.211,0,0,0,0,0,0,0,0,0,0,0,0,0,0,0,0,0,0,0,0,0,0,0,0,0,0,0,0,0
404,922.952,919.901,981.861,960.977,937.655,1036.16,1001.33,1045.26,1077,1074.39,1131.93,1131.24,1138.63,1151.18,1178.99,1172.53,1131.93,1139.07,1092.9,1054.23,1036.7,990.695,959.815,929.265,910.56,866.518,861.479,798.405,785.905,757.24,748.092,734.975,732.08,701.654,687.08,674.415,658.822,638.633,629.317,622.081,586.917,592.19,563.961,553.125,519.127,524.584,505.892,489.49,470.992,453.971,444.849,441.604,427.34,429.493,552.924,910.089,1496.92,1805.38,1637.36,1131.57,640.546,344.654,221.167,181.667,165.872,149.957,138.329,120.301,117.137,103.03,93.0128,88.479,74.4054,71.6566,66.4511,74.3542,84.8102,100.384,0,0,0,0,0,0,0,0,0,0,0,0,0,0,0,0,0,0,0,0,0,0,0,0,0,0,0,0
406,915.724,883.846,960.495,925.679,946.352,1001.98,991.229,1023.35,1052.23,1062.62,1097.86,1103.99,1088.89,1142.73,1109.77,1155.47,1091.92,1100.19,1078.25,1020.79,1018.43,957.806,940.567,917.063,884.481,837.159,839.113,782.936,765.363,744.857,714.842,711.466,702.539,692.225,664.951,667.067,635.732,630.613,624.312,608.677,578.32,574.967,543.853,534.287,516.553,514.596,505.819,487.971,469.145,448.907,447.87,426.035,413.456,404.257,438.301,593.829,1054.62,1565.86,1790.04,1519.48,990.451,533.208,295.854,200.657,172.806,152.742,144.319,124.443,119.288,105.942,98.6288,89.8554,78.1871,68.2306,64.2791,66.7655,74.0746,81.371,96.3464,0,0,0,0,0,0,0,0,0,0,0,0,0,0,0,0,0,0,0,0,0,0,0,0,0,0,0
408,901.072,889.86,940.926,878.371,957.218,925.066,984.557,988.082,1009.35,1042.45,1086.83,1101.76,1068.94,1114.8,1110.62,1119.22,1064,1067.99,1045.72,983.969,976.671,923.637,902.318,895.047,855.6,822.509,809.383,763.303,741.459,731.337,706.64,694.702,679.22,666.466,646.06,642.866,625.343,621.121,604.907,586.537,585.772,549.227,530.603,522.869,512.2,510.476,504.386,477.217,461.736,442.261,438.943,413.888,404.532,386.333,407.872,431.731,654.244,1111.05,1630.88,1760.71,1427.44,886.472,470.086,256.083,183.439,162.305,143.797,127.427,126.572,109.857,100.177,90.4635,83.222,73.3603,66.6069,62.5784,64.5865,69.8917,80.3079,94.0287,0,0,0,0,0,0,0,0,0,0,0,0,0,0,0,0,0,0,0,0,0,0,0,0,0,0
410,899.78,817.13,937.349,861.654,947.062,898.234,943.724,979.48,957.552,993.375,1047.03,1078.53,1044.7,1096.73,1103.15,1091.95,1048.75,1056.79,1014.94,978.863,944.724,896.264,884.971,870.419,820.592,815.272,772.703,743.538,737.716,713.315,698.934,664.624,657.388,639.607,618.621,621.136,613.97,605.911,592.361,569.853,569.861,540.485,529.145,515.305,502.299,498.037,488.981,464.572,454.298,442.777,427.796,410.615,396.171,389.488,388.498,376.959,457.963,718.608,1258.1,1693.02,1705.93,1268.95,753.76,386.488,223.906,176.025,145.06,134.656,129.193,110.884,100.777,92.1253,90.0321,81.8322,72.2881,58.7135,57.9428,63.1724,67.4213,77.1447,85.382,0,0,0,0,0,0,0,0,0,0,0,0,0,0,0,0,0,0,0,0,0,0,0,0,0
412,857.562,851.018,883.292,876.747,890.482,886.869,899.009,951.369,921.912,953.983,1008.85,1029.89,1045.77,1063.73,1059.96,1064.76,1034.39,1015.01,980.018,973.569,932.932,878.396,863.026,844.523,780.501,797.686,740.675,730.438,713.798,690.678,665.135,642.004,633.897,617.76,603.226,603.074,588.663,587.444,576.095,549.752,536.723,531.153,515.091,504.684,487.999,482.122,479.415,451.451,447.41,432.858,410.978,403.486,387.987,384.002,367.562,363.637,373.381,468.822,821.51,1343.38,1710.6,1608.26,1151.04,648.157,336.59,203.073,153.844,145.932,128.096,114.971,104.63,96.2711,91.8274,86.6798,76.6354,64.6284,59.4548,58.928,57.5488,68.5926,71.7954,87.8046,0,0,0,0,0,0,0,0,0,0,0,0,0,0,0,0,0,0,0,0,0,0,0,0
414,839.758,898.539,856.97,857.8,882.736,883.158,920.068,937.378,919.332,906.609,957.281,1011.3,1009.95,1044.04,1042.73,1041.84,1001.81,971.337,947.297,934.599,906.434,876.489,837.93,833.289,764.063,764.242,727.622,715.669,683.323,671.988,646.774,621.125,613.167,606.418,589.996,589.565,573.798,565.38,553.909,531.223,512.191,512.273,499.45,493.699,482.21,474.216,467.788,453.117,452.82,429.773,410.773,392.884,381.043,368.539,352.84,349.715,350.664,372.752,532.147,919.957,1448.99,1714.57,1500.22,996.433,534.573,276.407,175.444,148.613,132.84,118.534,111.025,101.512,93.0994,85.0968,78.6236,71.1425,62.3006,59.6209,54.083,59.9607,61.4687,75.4687,77.3876,0,0,0,0,0,0,0,0,0,0,0,0,0,0,0,0,0,0,0,0,0,0,0
416,829.857,866.589,849.508,835.321,857.499,856.697,919.73,924.314,910.487,927.273,962.338,975.018,997.713,1016.25,1036.46,992.257,953.494,963.66,939.554,907.843,863.599,840.62,811.059,792.957,762.301,746.851,703.274,700.131,662.896,651.095,642.935,592.95,592.133,593.697,576.659,565.7,553.057,547.074,528.143,513.36,499.197,494.321,481.972,477.674,479.241,466.172,449.653,449.981,441.212,424.003,409.845,400.842,375.539,361.617,344.678,342.107,340.264,342.719,378.881,565.767,1013.09,1509.63,1682.68,1394.73,860.797,450.084,244,160.865,136.529,121.941,112.175,105.33,95.9895,82.9172,82.2422,76.0123,65.0204,60.3771,54.0848,53.8523,54.719,64.7188,68.1813,79.1994,0,0,0,0,0,0,0,0,0,0,0,0,0,0,0,0,0,0,0,0,0,0
418,811.134,811.952,837.48,822.612,810.063,826.945,889.717,903.549,924.704,925.855,975.1,958.408,1005.25,999.715,1021.9,956.115,938.384,937.395,917.791,876.253,846.36,820.346,801.436,779.638,736.72,715.435,687.816,664.641,641.588,635.59,610.499,593.911,568.73,570.034,566.875,549.924,537.353,528.236,516.603,508.302,489.556,483.705,469.949,465.709,465.207,450.786,431.337,434.471,422.137,415.753,403.411,398.934,375.025,359.06,341.676,337.239,329.002,329.866,333.675,396.533,643.784,1114.71,1565.69,1615.63,1220.25,728.589,383.736,209.855,147.584,127.597,112.113,107.028,98.9181,85.2813,81.65,78.7469,72.6656,63.8879,56.3736,53.4322,50.9192,54.0742,57.8824,69.9765,74.9049,0,0,0,0,0,0,0,0,0,0,0,0,0,0,0,0,0,0,0,0,0
420,809.7,810.297,812.607,790.942,831.831,837.906,865.196,896.982,934.944,913.138,958.795,954.488,975.028,977.746,941.605,962.543,936.221,910.488,881.24,838.218,836.525,810.153,780.715,766.302,721.164,689.279,677.631,635.551,620.215,618.341,579.289,586.737,557.071,551.396,545.199,540.044,524.356,517.068,501.809,505.978,479.636,477.427,458.023,454.326,453.174,433.404,423.703,411.631,403.917,412.305,396.256,390.639,376.891,357.79,337.854,329.579,316.454,319.616,316.062,329.039,407.625,707.056,1219.33,1598.45,1513.43,1073.62,619.341,307.886,179.749,139.704,112.933,108.424,101.833,90.7098,79.9521,79.3459,75.1081,69.3584,59.1683,54.4847,48.4199,49.6855,50.604,60.7473,62.3572,78.931,0,0,0,0,0,0,0,0,0,0,0,0,0,0,0,0,0,0,0,0
422,812.458,815.727,793.456,800.622,813.108,792.357,851.227,864.529,899.172,878.446,925.534,917.382,929.317,958.638,902.931,971.397,939.854,899.43,867.59,812.846,825.232,788.115,750.153,727.887,718.266,678.304,649.83,622.757,602.204,592.202,567.241,572.122,545.833,542.737,523.27,525.54,511.848,500.15,481.048,485.502,468.982,463.942,448.778,440.706,434.928,417.577,421.14,398.947,394.641,412.331,381.005,377.872,364.63,349.264,330.892,323.386,315.454,311.514,304.976,307.617,313.004,452.873,810.157,1306.02,1579.77,1382.7,940.496,494.902,269.228,159.821,120.698,109.638,104.883,91.7027,81.1005,79.309,71.7924,70.3046,61.6584,57.5085,50.8673,47.6525,47.0114,51.3249,56.4713,67.355,68.6557,0,0,0,0,0,0,0,0,0,0,0,0,0,0,0,0,0,0,0
424,773.879,784.747,764.134,797.06,772.348,761.192,820.157,819.095,846.688,843.179,890.37,894.132,891.557,926.169,897.875,948.232,904.832,899.399,869.182,795.196,788.073,769.124,726.336,703.026,682.274,671.462,625.459,601.352,586.957,572.29,545.222,552.893,528.541,522.753,505.601,507.745,491.142,480.251,463.025,460.691,457.977,443.15,440.022,428.79,413.285,405.424,402.163,397.006,395.015,395.154,373.476,373.909,354.099,344.161,328.297,321.877,313.586,299.729,297.878,296.07,283.807,321.118,496.592,889.741,1391.82,1530.51,1275.88,790.832,433.332,223.065,139.479,112.995,106.396,94.1487,87.2941,80.5375,70.7522,69.0511,64.7491,60.8126,53.793,50.3073,46.6427,42.9805,49.6499,57.2456,57.5365,69.25,0,0,0,0,0,0,0,0,0,0,0,0,0,0,0,0,0,0
426,758.277,736.137,743.118,764.657,765.976,749.489,802.823,793.512,812.644,824.729,867.205,894.272,853.292,887.961,880.074,905.032,875.245,847.927,835.773,770.141,769.797,740.57,723.608,690.49,641.062,646.703,603.618,591.181,569.091,555.556,524.02,524.809,514.772,499.498,483.953,485.887,467.393,463.782,451.53,451.265,441.305,422.5,416.386,416.189,411.622,398.955,387.211,392.249,397.217,372.752,372.822,365.491,347.808,341.037,328.147,323.924,308.679,296.846,291.356,288.18,279.813,278.652,335.361,545.972,1005.34,1406.43,1470.79,1120.88,691.305,352.881,182.647,127.911,109.152,97.3865,91.6638,81.1671,74.246,68.7181,65.2949,63.4809,57.1681,51.5913,47.2249,41.1474,43.2697,48.5362,50.0691,57.5328,68.8392,0,0,0,0,0,0,0,0,0,0,0,0,0,0,0,0,0
428,733.114,720.96,751.015,733.814,759.629,743.824,792.069,771.697,817.469,798.952,832.75,857.972,840.84,873.574,876.349,882.479,844.12,836.895,810.862,748.424,765.986,724.089,699.473,682.176,634.974,619.726,587.171,572.592,543.935,536.91,509.174,501.646,492.225,474.806,466.366,466.294,447.082,447.792,433.908,437.915,427.341,422.915,402.061,403.693,407.157,383.487,381.704,377.896,388.563,360.135,363.216,357.968,343.185,337.282,327.343,321.592,308.609,298.467,290.467,282.893,271.813,265.312,281.236,352.841,635.834,1092.71,1439.26,1349.73,995.159,572.184,278.291,164.166,115.328,102.022,91.3987,82.9918,78.0848,69.692,66.5163,63.7158,60.1848,56.0058,47.6803,42.1894,42.0174,42.7558,46.3481,51.8888,57.0551,66.8511,0,0,0,0,0,0,0,0,0,0,0,0,0,0,0,0
430,738.729,716.391,757.298,699.313,736.449,728.605,790.271,762.199,809.911,778.399,826.031,837.167,826.057,872.416,846.478,870.789,822.174,828.331,796.501,749.499,736.887,700.343,670.058,661.688,622.755,583.029,568.797,554.809,528.836,509.444,506.734,484.956,481.141,461.854,453.175,443.666,433.286,430.892,413.195,416.384,407.314,410.15,394.842,392.519,390.282,368.913,376.266,372.425,377.151,360.458,351.297,344.99,338.857,334.455,318.911,317.757,308.98,296.439,287.722,278.084,273.447,265.259,266.518,277.888,393.399,719.936,1167.14,1392.69,1243.33,862.666,454.365,239.245,135.437,108.251,94.6492,85.3486,78.7684,71.1354,67.1429,64.5923,62.3179,59.2534,50.763,44.1689,40.6296,39.3068,42.3545,45.69,48.1634,54.8142,63.5755,0,0,0,0,0,0,0,0,0,0,0,0,0,0,0
432,710.776,704.903,746.826,719.368,701.25,717.958,744.738,776.665,788.907,774.392,825.086,832.985,839.531,837.857,823.871,846.1,836.202,802.47,760.897,752.559,716.2,679.334,653.245,635.579,615.709,570.708,554.493,540.767,515.016,492.513,485.946,468.993,465.328,448.03,434.054,423.025,430.647,421.048,404.599,400.606,394.776,386.316,377.182,379.388,365.368,366.459,369.203,371.499,363.538,357.844,336.834,338.685,333.252,330.625,314.146,310.318,300.974,293.138,286.104,275.751,270.252,259.476,256.75,255.946,289.428,439.497,805.018,1228.55,1349.48,1136.04,701.721,373.14,193.68,127.253,101.706,86.484,80.1081,75.5348,69.8293,64.1335,60.8764,57.2968,54.1407,47.5872,43.7594,39.1412,38.217,39.8115,43.0164,49.0146,56.6444,60.2029,0,0,0,0,0,0,0,0,0,0,0,0,0,0
434,691.38,648.981,704.378,709.07,701.291,709.108,701.021,766.839,750.83,773.799,781.488,783.992,816.919,804.718,817.965,826.261,805.057,798.481,748.971,726.078,688.955,665.879,643.548,619.297,593.817,573.494,533.823,527,488.824,476.777,467.18,462.804,445.838,425.772,418.562,408.835,408.245,405.76,397.117,387.016,374.491,372.283,368.56,364.426,358.222,360.432,354.924,358.558,339.173,348.818,328.739,324.935,317.603,317.483,311.988,291.834,296.917,284.832,286.699,276.072,254.021,257.47,250.506,251.287,256.536,293.79,486.699,884.613,1220.7,1294.6,988.355,606.674,318.229,166.6,113.84,94.5528,83.2418,77.4816,72.3351,66.3602,58.5682,57.012,55.9407,52.6453,48.8347,41.4147,37.8354,38.3747,40.5188,43.219,50.0602,51.3605,63.0175,0,0,0,0,0,0,0,0,0,0,0,0,0
436,708.626,590.369,696.211,687.889,696.241,679.196,705.526,750.886,754.441,741.714,760.364,790.929,826.493,811.321,817.963,777.841,781.786,760.897,734.437,703.135,669.464,652.572,631.234,609.099,570.531,563.383,519.398,495.671,466.808,452.617,455.745,437.712,431.691,413.883,402.583,402.018,381.955,387.604,380.788,373.455,358.742,365.551,358.222,352.968,349.281,351.831,344.197,352.026,325.278,332.541,322.804,319.371,312.673,297.615,307.777,293.348,293.331,279.95,279.183,270.356,254.204,262.406,248.228,243.086,245.704,247.903,309.72,566.233,922.681,1223.68,1186.04,886.029,518.508,255.373,146.14,105.302,85.3555,77.3969,72.6931,69.3165,62.0373,60.3349,55.022,55.8362,51.2693,44.2879,38.5938,38.5462,37.6367,37.6767,43.0634,44.5072,53.0759,56.183,0,0,0,0,0,0,0,0,0,0,0,0
438,663.38,601.906,686.113,726.758,675.373,687.984,699.994,755.485,730.935,706.682,760.438,776.274,824.851,782.589,805.295,767.76,786.802,755.938,718.19,677.469,660.868,635.378,609.767,591.611,551.842,535.72,504.97,482.021,462.242,443.612,445.146,413.441,421.854,401.965,387.602,393.233,373.276,374.05,366.901,353.591,356.873,347.368,344.237,340.856,331.244,333.225,343.609,335.225,321.853,323.438,318.089,321.067,303.082,298.504,301.388,294.141,283.942,277.727,274.186,266.612,253.122,254.437,247.481,236.998,234.657,233.047,236.336,354.723,600.232,985.396,1217.85,1103.5,761.548,408.478,210.648,122.706,91.0509,80.7069,73.0625,72.4836,66.4686,61.9155,53.7046,54.5406,50.0927,47.5904,41.8969,38.0125,36.6144,34.1554,36.2559,39.4556,45.074,47.6468,59.2018,0,0,0,0,0,0,0,0,0,0,0
440,648.945,632.81,630.647,708.012,665.965,692.588,685.246,731.402,729.5,724.5,766.13,752.448,770.978,745.736,779.379,746.019,754.502,744.144,697.766,671.598,661.418,610.654,583.326,571.585,540.157,524.899,483.558,472.557,460.016,440.916,429.567,402.841,413.191,381.636,381.662,376.629,366.445,364.775,355.641,335.395,348.809,334.527,328.886,318.224,320.26,321.557,329.677,317.425,316.012,323.136,310.611,313.02,298.556,295.145,290.25,288.99,280.127,278.844,270.956,264.804,251.743,248.764,240.439,236.946,222.797,224.669,220.559,248.548,356.031,661.298,1047.63,1158.86,987.118,631.108,340.093,173.913,108.006,83.9674,74.7165,71.857,68.9625,61.4377,56.3512,51.5088,49.7535,49.1064,46.1505,39.0876,37.3471,33.4788,31.9972,35.5933,37.4732,41.3757,48.4519,55.3744,0,0,0,0,0,0,0,0,0,0
442,630.355,615.511,619.689,637.386,660.431,663.734,660.23,713.78,709.608,721.792,731.616,734.03,746.615,730.097,776.651,729.472,732.916,720.072,688.172,671.588,636.912,600.547,571.875,548.885,528.399,515.7,459.717,450.532,446.897,423.344,408.319,398.086,393.705,365.145,380.27,355.547,353.565,350.77,339.438,325.06,326.013,318.192,317.951,307.567,317.685,317.955,311.722,303.645,307.005,315.706,308.377,300.001,294.469,293.774,286.716,281.611,278.512,278.895,264.657,267.663,253.319,242.891,235.298,235.323,217.484,218.09,214.799,214.544,244.249,407.964,764.671,1022.86,1092.2,865.317,533.11,278.962,152.348,94.9946,77.946,70.1146,68.5604,62.2991,58.052,50.7502,52.755,48.1997,48.8496,42.0603,39.551,33.6967,32.2206,32.0669,33.207,36.5987,40.8555,46.441,49.4076,0,0,0,0,0,0,0,0,0
444,614.667,601.588,621.161,618.171,649.605,672.713,659.227,683.355,704.913,696.72,716.176,717.962,737.025,724.192,750.122,729.693,708.951,691.422,685.128,643.911,629.265,600.075,567.794,524.711,514.824,492.813,449.777,437.702,426.221,407.657,389.254,384.692,377.818,353.423,368.722,344.21,343.201,332.283,330.503,310.736,307.939,303.263,310.844,304.819,307.531,306.815,300.538,300.814,306.743,305.902,300.092,291.588,293.688,292.116,282.992,281.002,268.867,268.945,260.621,263.372,254.197,243.543,232.811,230.425,216.844,210.434,209.172,202.051,207.928,263.435,481.497,780.94,1048.57,1026.86,759.08,440.368,230.227,118.707,86.6313,70.825,66.6518,62.4503,57.3082,53.6499,53.4593,48.305,46.5783,43.7916,41.0959,35.7651,31.4809,30.2093,29.0434,32.2451,36.0887,39.1824,43.1998,54.1694,0,0,0,0,0,0,0,0
446,610.661,590.46,598.636,630.682,601.523,679.485,648.86,658.104,706.768,694.231,693.409,697.229,709.491,734.042,731.457,718.708,696.188,696.41,668.407,636.211,611.007,571.52,546.43,521.422,491.601,463.35,455.291,409.203,407.898,388.392,384.057,369.246,359.706,356.084,346.712,332.197,326.146,321.491,311.64,302.347,301.072,296.877,300.429,294.5,297.695,299.073,284.649,285.552,297.091,295.895,289.521,287.42,288.996,282.777,280.818,273.448,268.541,262.038,258.436,252.538,252.114,242.015,234.929,225.506,217.86,208.335,205.466,196.167,205.53,204.311,292.209,509.096,837.463,1040.4,947.303,652.436,365.437,182.789,108.67,80.0132,66.3748,61.7286,58.1755,56.632,55.2967,50.2658,45.5337,45.2852,43.8271,41.9242,33.0399,30.8761,27.6746,28.0074,32.1481,32.6234,38.6899,45.0351,52.3536,0,0,0,0,0,0,0
448,593.907,593.893,569.792,600.32,551.207,642.734,645.374,643.159,654.658,673.831,673.226,703.751,679.241,707.139,705.317,700.507,677.062,689.323,641.984,632.968,578.968,551.496,518.817,502.016,479.367,444.648,451.364,402.486,395.58,380.286,377.632,365.405,338.148,338.812,329.9,320.174,315.012,310.849,301.839,298.59,288.313,291.05,283.843,288.47,285.705,286.436,272.958,281.265,281.16,283.779,285.881,282.038,282.599,278.203,274.825,265.969,272.092,259.519,251.651,252.944,251.322,236.59,239.236,223.808,216.266,213.292,197.805,195.637,195.211,187.352,213.152,317.33,573.795,894.82,1001.58,840.478,541.807,289.586,156.002,97.0546,71.5248,62.749,60.3086,57.6442,55.2504,49.1454,46.2494,45.8727,45.7441,45.5929,37.8328,31.9152,28.2388,27.6982,28.1757,29.5991,35.4499,38.7288,44.2894,48.6288,0,0,0,0,0,0
450,553.448,572.855,561.678,573.436,567.282,614.518,627.799,630.563,624.945,651.601,669.861,692.67,685.039,685.238,672.022,668.827,659.661,651.84,629.567,607.811,562.749,547.538,502.743,485.192,466.489,432.462,432.544,401.216,384.437,370.319,360.34,349.93,330.508,321.547,312.906,314.497,313.203,293.73,296.618,275.626,277.864,280.846,266.141,281.345,266.154,271.568,269.023,274.117,269.547,280.612,277.403,272.678,275.994,265.093,264.556,259.246,266.986,255.439,243.104,254.063,249.608,233.817,236.1,224.046,210.688,211.772,197.414,194.848,188.006,179.786,183.6,202.221,347.754,647.769,910.635,945.731,746.071,449.904,246.561,130.3,84.2349,67.512,61.0234,57.6908,55.9253,49.921,46.4214,43.7823,43.7241,46.0127,44.3254,35.0849,32.2784,29.4418,26.3765,27.485,31.9639,33.6017,38.0008,41.8727,50.0764,0,0,0,0,0
452,584.814,543.695,560.847,564.848,588.46,582.64,616.167,585.389,603.781,647.94,680.059,658.337,672.247,676.712,668.248,655.205,647.073,623.69,615.846,575.749,542.767,528.97,489.604,474.432,453.867,436.873,411.285,382.554,368.004,358.987,344.616,332.123,324.898,315.325,303.447,303.148,297.457,282.811,285.246,262.485,272.678,268.94,255.74,268.682,256.947,261.334,268.102,268.508,254.874,268.661,260.501,261.717,266.469,263.248,260.917,253.575,254.268,248.902,243.748,244.617,244.963,230.251,227.119,223.525,212.435,209.641,201.188,190.386,181.266,174.869,170.157,166.24,221.098,406.027,688.75,899.512,884.681,643.747,392.23,206.551,113.212,74.7789,61.8379,57.3296,55.453,50.4272,48.0271,44.5117,41.6826,42.9363,44.5461,40.071,35.8611,32.3302,27.1584,25.4919,27.5252,28.4697,32.6984,38.3937,40.5623,48.7924,0,0,0,0
454,529.904,536.772,578.982,548.504,565.904,566.15,593.263,558.321,597.157,631.861,667.168,625.366,619.406,644.493,653.077,644.432,637.811,603.177,595.211,542.725,524.265,505.908,478.256,460.255,444.625,423.293,402.536,376.796,367.004,347.391,334.439,314.913,309.221,311.648,303.63,290.095,279.305,267.991,270.235,256.88,264.944,258.602,259.796,260.039,256.11,252.579,261.151,256.989,244.317,252.447,253.922,251.946,257.426,264.864,251.66,251.662,250.111,241.96,239.824,234.56,239.01,230.882,222.693,223.733,212.378,204.415,193.935,190.228,176.655,170.666,161.487,156.823,169.876,251.012,442.778,724.047,889.721,794.197,573.166,332.273,173.666,96.9994,69.0155,58.5401,53.8961,51.1128,50.0081,47.1435,42.1032,41.5236,42.8923,43.5163,40.7196,35.2911,28.4486,25.0182,25.451,25.3521,28.5605,32.0775,34.834,40.9722,48.356,0,0,0
456,518.49,554.316,566.922,539.5,543.111,574.628,560.585,553.742,604.429,631.115,642.098,636.409,611.699,635.336,642.277,636.479,626.587,589.454,567.156,534.917,514.247,490.998,469.129,446.67,424.165,409.829,394.762,363.787,360.817,333.412,335.566,311.99,300.016,301.54,292.87,282.414,272.207,262.345,263.078,255.495,249.934,252.708,249.531,244.776,246.41,248.415,250.839,236.725,246.911,245.247,246.022,252.191,248.072,251.898,243.748,242.938,244.503,241.23,234.079,233.406,230.1,229.995,221.625,222.176,214.59,195.384,192.403,187.966,172.063,167.862,158.605,152.474,154.007,179.835,278.198,507.116,764.445,851.197,727.073,484.62,278.744,139.555,84.9744,62.5039,56.3269,52.0997,49.6403,48.6053,44.7184,42.7312,41.3733,44.3146,45.9999,41.3496,32.5807,26.8132,24.2905,24.238,25.4649,29.1828,30.4523,37.149,40.3325,45.9475,0,0
458,544.929,534.294,552.788,534.783,542.381,555.367,560.205,592.813,595.431,607.822,625.128,645.844,634.995,607.853,628.826,627.197,595.615,575.003,554.892,547.056,510.432,496.893,468.986,437.403,408.033,400.796,380.693,353.353,343.096,320.747,326.657,308.765,286.942,287.962,279.437,271.622,264.63,256.349,253.582,245.15,234.885,238.677,234.613,233.759,233.138,243.901,241.595,226.521,250.33,238.617,237.689,244.062,237.468,243.323,239.266,234.811,242.098,235.643,229.531,230.904,225.497,220.67,219.253,215.062,209.481,193.487,192.893,179.557,173.196,164.974,157.551,150.348,146.022,145.796,180.397,315.667,557.046,787.352,810.686,639.03,417.994,219.586,116.892,72.2388,58.3931,53.5114,48.7828,50.3276,43.8157,44.0221,39.2733,42.2832,47.8327,48.1931,41.8917,32.0483,26.3817,23.5954,24.1037,26.5327,27.3933,32.4786,34.6897,40.2145,43.9035,0
460,522.124,509.483,553.895,531.136,514.12,535.194,548.607,591.213,571.841,611.305,597.16,612.429,609.466,593.129,602.043,613.573,572.947,566.43,540.677,536.563,506.526,500.091,457.959,425.219,400.241,386.661,364.813,343.556,333.977,306.937,310.816,307.604,278.299,280.188,260.496,265.014,255.728,249.498,241.044,239.836,232.999,234.127,220.95,228.217,225.28,238.319,225.63,225.64,232.854,232.13,235.774,233.585,235.73,233.525,232.119,231.175,237.457,233.101,224.85,219.325,222.217,216.716,216.258,210.539,198.813,197.86,186.633,176.269,173.513,157.198,154.871,147.115,142.638,137.915,138.781,196.358,343.586,610.225,769.382,747.224,580.241,344.996,185.763,97.1289,64.0361,56.2626,47.5538,49.617,44.3535,43.3006,38.4472,39.5036,43.2663,51.3139,51.7738,42.3854,30.4813,25.222,24.4038,23.5989,26.2493,28.8808,30.5051,35.1803,36.3497,44.9996
462,0,509.169,496.497,511.362,491.411,543.352,539.91,565.73,584.51,606.443,557.761,588.19,589.848,583.595,592.634,586.298,558.68,548.995,534.875,503.222,480.976,468.789,436.544,414.821,380.785,372.545,340.439,328.122,311.179,296.964,290.749,289.707,278.235,265.735,248.955,252.039,246.14,239.54,232.174,231.487,229.222,223.644,209.287,221.1,211.51,225.482,214.551,224.992,223.968,222.943,226.355,224.521,226.462,224.467,222.398,224.434,225.136,228.163,218.104,213.281,212.688,212.264,208.918,213.682,203.985,194.17,181.816,174.805,169.859,154.155,147.195,141.484,141.783,134.275,131.569,142.163,202.172,397.416,618.472,756.315,697.917,489.358,295.522,148.435,82.4798,59.7368,49.6984,48.2309,42.3947,41.5596,40.6337,38.0244,37.3306,46.556,56.2991,52.9055,41.2021,30.8629,26.2308,22.9882,24.8532,25.1761,26.625,30.929,33.7337,38.0158
464,0,465.149,481.275,515.701,477.013,517.035,530.735,546.869,569.385,572.578,540.572,567.679,564.813,562.144,587.991,566.999,550.339,523.887,512.955,479.354,454.251,446.584,425.035,401.942,370.549,355.084,326.538,325.791,294.29,284.469,282.181,275.219,266.779,248.331,240.502,242.8,228.683,230.558,221.717,218.334,214.425,204.983,207.534,218.327,213.874,217.122,208.548,215.787,216.969,213.965,214.965,218.58,217.988,220.622,222.832,226.116,216.221,222.54,217.881,212.58,214.292,204.511,202.721,205.468,198.375,186.368,179.257,168.906,169.57,155.472,150.963,136.972,135.319,128.732,129.758,126.083,145.077,246.975,435.405,660.93,727.463,615.195,423.107,235.342,121.841,71.5436,56.2205,47.874,41.6444,42.6669,41.5699,37.2963,35.8585,38.5076,49.5357,58.6564,54.0399,40.9957,30.4528,24.348,22.7599,22.8417,24.2624,26.8093,29.6677,32.8542
466,0,0,471.134,505.85,445.524,488.734,492.335,516.961,550.052,518.695,545.717,553.784,532.623,538.018,582.884,548.435,545.816,511.326,490.427,464.42,444.581,433.147,408.93,383.503,361.531,342.651,324.159,317.913,284.137,270.254,267.969,262.883,248.658,243.612,234.819,231.348,216.878,219.195,209.201,212.195,205.711,195.947,203.492,207.553,214.193,209.309,204.046,206.124,210.403,209.297,208.103,213.627,213.802,218.377,213.443,218.196,208.652,215.26,213.621,206.627,212.014,201.608,198.476,197.294,190.38,186.203,177.819,166.837,166.586,153.923,150.47,136.039,131.171,126.11,122.124,120.703,124.912,157.509,270.473,480.746,650.849,688.575,560.226,353.893,196.893,101.028,65.1052,49.8714,43.523,41.9118,40.6898,37.9515,34.9275,34.019,40.413,53.1513,58.9118,55.4626,41.086,27.5232,23.9763,21.1148,24.1469,23.0427,26.6585,29.3282
468,0,0,442.007,479.199,427.486,477.817,478.642,506.192,517.124,468.63,532.365,549.122,534.493,524.577,567.131,517.983,526.377,521.798,483.865,465.036,428.085,417.576,395.819,374.746,350.748,332.626,318.388,305.012,283.203,267.869,261.477,260.657,242.417,233.742,228.959,213.143,213.341,208.54,201.871,203.577,197.999,198.135,195.119,196.004,202.878,200.107,197.249,206.071,203.738,200.926,198.551,203.529,204.953,207.676,204.945,204.9,204.053,206.851,210.33,198.364,198.341,200.786,195.676,195.92,186.346,185.413,174.26,169.28,158.753,153.56,142.615,133.789,129.003,123.854,119.389,114.533,115.111,119.229,166.238,300.829,496.999,668.037,654.643,484.724,300.483,152.991,83.2951,56.1916,44.7028,42.0552,39.6779,39.1338,33.8362,33.6252,33.8248,43.324,54.0237,65.3984,55.0623,38.6193,26.952,20.9424,21.3461,22.6369,24.4302,25.9841
470,0,0,0,448.155,427.575,454.398,454.582,498.513,485.071,469.73,495.816,511.019,525.045,528.384,544.049,500.033,509.547,506.204,474.5,447.662,419.402,400.093,378.411,363.097,328.771,312.551,297.677,287.108,279.165,256.157,250.027,243.738,239.248,227.142,222.355,208.429,207.819,195.6,197.004,189.382,191.407,199.244,187.583,188.848,193.899,187.748,190.808,202.009,196.338,192.159,191.811,203.404,198.21,200.11,196.646,202.801,201.679,198.121,203.237,193.662,194.18,189.902,195.585,192.257,184.179,182.988,172.339,170.86,156.213,154.949,137.192,129.428,123.885,119.22,113.645,113.407,110.103,110.666,117.369,176.814,325.332,541.907,652.589,590.602,421.529,243.31,129.144,71.54,50.5118,44.4121,38.481,38.0303,34.7478,34.1277,32.7257,35.8435,43.8965,63.9782,67.1854,54.5331,36.088,24.7087,19.6516,21.2752,21.6585,23.1036
472,0,0,0,426.2,432.595,436.822,429.152,462.276,474.602,466.572,484.274,489.761,522.298,522.097,515.86,493.975,484.589,484.548,445.688,419.477,424.384,386.967,353.913,350.017,325.558,299.814,282.769,267.286,264.764,253.518,239.241,226.563,224.971,220.07,209.818,202.877,198.344,185.164,188.018,178.35,186.745,193.31,183.308,180.936,183.309,185.4,182.866,186.122,188.676,186.33,186.9,196.045,192.196,192.139,194.211,193.703,195.406,192.578,192.474,193.666,192.754,186.246,187.026,185.867,178.596,175.232,163.167,167.729,152.999,146.21,134.719,129.243,120.843,119.545,107.771,109.403,105.329,105.426,102.533,118.237,195.183,374.593,553.516,620.033,526.739,360.756,204,105.826,65.2863,46.2788,38.2493,37.1356,34.7166,34.5543,32.5331,29.9684,34.0524,50.7964,68.3409,68.8317,53.401,34.0598,22.2947,20.5576,20.7413,21.1738
474,0,0,0,0,421.122,450.062,431.567,447.67,470.372,452.387,471.349,502.82,516.034,484.907,489.696,480.232,471.33,481.118,433.93,401.784,400.526,382.351,353.994,338.992,324.015,292.051,284.199,270.302,247.891,245.044,232.713,217.501,220.826,207.324,200.82,200.246,187.651,184.197,180.514,172.727,181.493,175.798,169.932,178.004,173.217,179.498,179.38,177.572,177.63,178.742,182.801,183.266,186.939,180.54,187.95,182.112,188.481,186.355,188.69,188.478,185.444,179.409,179.249,177.826,176.636,171.287,158.681,159.69,150.415,147.788,135.713,127.959,120.184,119.351,106.087,105.263,100.052,97.2858,97.3545,96.6938,122.208,226.577,399.734,558.47,581.286,480.263,310.362,162.996,90.1491,52.5636,42.3303,36.9823,32.6682,33.3169,30.6116,28.1266,29.5761,36.1057,55.8617,74.0427,71.8709,52.4036,32.2581,23.0704,21.4635,19.5638
476,0,0,0,0,399.133,429.494,430.442,451.482,441.999,447.224,453.087,484.544,467.658,477.13,483.244,469.948,466.544,451.55,421.79,394.194,389.549,381.173,354.067,334.098,314.002,290.095,272.69,263.441,238.994,228.822,220.218,211.732,214.78,197.15,192.9,191.466,175.927,179.481,181.527,170.31,169.115,161.055,165.522,167.663,165.933,164.814,172.41,171.587,169.214,170.292,175.674,174.807,174.452,175.15,175.892,179.659,184.255,180.645,182.715,179.551,178.07,175.052,173.411,175.084,171.147,168.923,155.034,150.121,144.096,143.292,134.574,124.02,116.228,115.106,102.965,103.778,96.6031,94.4325,94.3611,90.9934,91.9087,140.377,257.047,439.83,556.411,545.466,416.129,247.465,135.046,69.5518,47.7592,38.639,32.9766,32.5315,30.159,27.4151,28.7377,28.9848,40.7718,62.347,79.072,70.7752,50.4216,29.4629,21.8492,19.9355
478,0,0,0,0,0,404.219,410.47,447.347,416.302,450.929,443.323,454.11,438.533,457.996,467.659,450.092,454.751,429.397,398.284,384.02,380.518,370.26,341.482,314.411,301.753,279.849,258.708,248.971,234.521,221.933,214.113,208.264,204.048,191.409,188.605,181.421,170.366,168.795,175.149,164.891,161.023,159.422,161.549,155.618,159.976,159.912,160.46,164.212,162.481,162.158,169.135,163.849,170.832,165.495,167.895,171.515,179.038,170.961,176.822,171.443,174.606,171.802,169.84,170.079,164.613,162.371,151.712,147.238,140.162,134.445,130.188,122.882,112.719,108.673,100.978,99.6393,92.0022,92.6441,92.2367,86.8301,82.6645,98.2109,150.049,294.593,456.251,545.551,494.195,352.126,207.879,105.892,60.282,43.5127,34.3969,31.6067,29.6757,27.2334,27.646,26.814,30.5749,44.1507,66.9755,79.3509,70.4714,45.8534,27.2519,21.998
480,0,0,0,0,0,384.152,393.613,410.178,404.753,433.096,412.767,435.157,434.889,436.719,444.062,435.296,438.199,418.819,381.298,388.593,370.603,359.455,328.169,306.02,292.38,269.384,251.808,238.207,223.453,219.681,210.757,198.698,192.462,186.592,181.817,177.057,172.93,162.345,164.771,149.878,151.513,155.676,156.339,149.32,157.17,153.26,154.654,159.567,160.125,152.487,158.242,159.093,171.197,161.319,159.463,161.514,168.57,168.626,168.17,165.231,167.475,165.813,166.233,165.254,157.987,154.844,149.874,146.275,140.871,131.296,123.696,118.483,114.594,105.025,98.4464,93.6101,91.7994,86.5431,88.8688,85.5195,84.1532,83.5539,98.6739,176.362,322.486,475.387,523.546,444.01,302.38,164.86,87.412,50.9644,36.1127,32.7575,28.6256,26.8833,27.4848,26.2857,26.8878,31.1944,47.7906,71.5235,80.096,69.8809,39.8526,26.7648
482,0,0,0,0,0,0,372.55,392.583,395.291,419.212,395.102,425.283,421.468,410.614,427.831,430.196,424.639,406.973,376.114,383,348.985,340.187,313.431,292.764,267.951,255.18,240.393,226.629,218.093,212.881,200.519,189.365,178.182,182.465,169.532,167.49,170.866,154.962,156.386,147.161,146.542,148.861,149.062,141.03,149.316,143.431,149.261,156.499,147.09,150.51,157.133,158.501,163.241,164.852,154.16,153.238,156.14,163.179,158.966,158.704,160.918,158.523,157.715,158.215,154.989,150.984,145.944,138.929,137.248,127.959,120.655,114.551,111.937,106.677,97.114,91.5951,87.9164,79.8894,82.2249,84.0331,82.9298,80.004,80.0447,110.399,200.632,356.504,485.601,487.127,389.714,245.041,136.622,67.9635,43.0518,33.7675,27.9514,25.5962,26.4932,24.5986,24.3331,24.8001,32.8221,50.357,75.598,82.1526,57.7605,37.7228
484,0,0,0,0,0,0,359.992,380.856,360.638,406.416,398.652,394.335,405.233,400.488,410.952,411.494,407.6,399.098,366.954,359.084,331.176,316.774,302.309,279.362,250.741,244.375,234.223,211.364,213.81,200.189,193.602,179.494,175.021,173.223,163.808,158.628,156.708,148.509,147.316,151.05,140.654,137.6,142.421,137.52,141.674,134.985,143.105,145.249,140.371,150.172,155.03,152.929,153.874,158.507,150.345,148.76,153.653,156.085,156.687,154.426,160.782,155.489,151.411,149.777,147.943,143.94,143.745,132.393,131.41,127.971,121.181,112.691,109.075,106.895,95.9344,92.9428,87.4961,82.2926,79.486,79.8161,77.2431,75.877,74.8433,80.3126,118.64,227.543,378.813,474.742,449.617,337.439,208.232,105.491,57.9581,37.679,28.3448,27.4089,25.6833,24.2301,24.0458,24.5369,25.63,33.1021,54.3359,78.0429,80.0509,55.6509
486,0,0,0,0,0,0,0,366.129,340.622,381.692,391.913,395.445,393.592,388.213,390.273,396.063,396.089,364.106,356.62,335.528,335.037,297.477,284.666,269.421,248.528,232.039,222.181,206.343,204.038,190.93,183.602,176.419,168.009,168.285,156.3,154.283,152.436,140.732,147.256,143.486,137.429,128.774,140.811,132.161,137.957,128.156,134.224,137.243,140.686,145.527,147.361,140.523,147.447,146.774,147.824,145.552,151.785,144.306,150.691,148.331,155.178,147.711,150.169,143.403,141.338,137.609,136.582,128.205,126.753,124.098,117.681,108.871,105.288,100.329,95.2255,89.5899,86.7297,81.07,75.7191,74.6688,71.5081,72.0082,70.1621,71.2908,81.1057,136.564,252.621,400.139,458.137,406.811,292.581,164.949,89.1156,48.4148,32.5184,28.2061,25.4314,23.2962,23.8082,22.8984,22.181,25.8014,32.219,61.4453,85.723,73.7477
488,0,0,0,0,0,0,0,344.748,359.587,359.095,365.669,388.598,390.372,390.316,380.851,382.373,380.94,369.891,348.149,329.064,334.674,291.169,269.285,263.946,247.659,227.331,212.123,205.314,189.003,185.729,174.123,170.599,162.096,157.509,149.78,150.697,148.233,136.587,140.779,138.156,131.995,129.41,128.006,124.509,130.561,123.07,132.041,129.169,132.888,136.111,139.049,131.898,134.787,138.718,146.989,138.637,146.022,141.909,140.679,140.221,145.554,142.842,143.588,136.561,134.553,132.741,130.451,124.112,118.984,116.405,112.514,107.237,101.547,93.838,94.0976,88.1163,83.3733,79.4411,73.6705,70.5575,68.3383,66.7837,66.3791,68.5153,67.0119,87.8317,149.342,283.474,403.391,431.294,361.058,241.861,139.579,72.3746,39.1238,29.1089,25.0286,23.4698,21.4536,21.2171,21.4113,21.3518,23.0218,37.7916,67.1391,79.6547
490,0,0,0,0,0,0,0,0,351.858,357.666,348.391,363.56,374.239,380.794,367.642,368.945,357.729,362.853,329.209,314.758,314.935,285.14,259.142,245.917,236.824,221.954,205.767,196.263,190.87,171.286,170.971,166.373,154.712,147.473,147.483,143.591,135.071,133.635,127.934,129.804,123.487,126.154,115.932,118.15,125.684,127.547,129.151,123.503,121.488,127.876,130.776,129.091,123.367,134.71,143.437,132.526,136.82,140.221,132.904,134.726,139.441,140.936,139.558,131.573,133.158,129.11,125.251,120.542,111.415,109.088,107.39,104.201,98.3829,90.4252,90.6968,88.2884,80.1059,75.7484,74.0941,67.3232,67.0471,63.9662,61.7283,63.4794,61.8838,66.014,85.7968,174.305,298.801,398.579,398.002,307.924,198.581,107.817,54.1285,32.6686,25.3609,22.7713,22.0027,19.8823,20.2586,20.9552,21.9265,23.0377,41.5919,64.8106
492,0,0,0,0,0,0,0,0,323.355,336.568,325.095,325.026,332.751,365.429,353.762,342.876,342.885,324.529,314.211,290.35,294.228,277.735,250.043,225.122,218.798,209.257,190.559,187.231,175.963,159.274,164.638,152.77,147.106,139.658,141.342,133.765,125.71,125.986,120.353,124.084,119.354,115.977,110.98,112.046,119.147,120.285,120.19,116.679,118.828,121.756,120.185,123.96,121.229,122.711,126.459,124.737,126.243,129.184,126.183,125.26,127.642,129.63,132.96,124.109,128.543,123.953,119.56,116.04,106.232,102.939,102.343,96.2813,94.326,88.3646,82.333,83.0733,76.4743,69.3549,69.5502,64.2719,61.601,60.0279,57.6312,58.1002,55.8246,56.9306,59.3974,100.901,188.781,313.972,382.61,341.763,260.885,157.113,82.7588,42.7205,27.7912,22.7557,22.4915,20.399,19.4201,19.3826,18.7571,19.1775,25.2343,40.6258
494,0,0,0,0,0,0,0,0,0,306.263,305.779,301.518,310.628,339.747,334.357,315.558,329.871,305.237,291.119,266.272,269.499,249.584,238.364,215.342,211.546,191.136,176.581,170.703,153.574,154.407,147.773,138.092,137.403,126.921,131.396,118.389,115.255,115.359,118.573,114.662,109.903,104.933,101.677,100.454,111.394,109.895,112.995,103.663,111.562,115.443,113.804,114.492,114.762,114.523,112.232,120.181,120.45,115.655,117.7,115.024,121.025,116.158,119.034,114.673,119.923,116.676,109.91,107.96,105.202,101.153,94.3711,90.2311,88.0491,80.6561,76.7663,74.7089,70.031,66.4453,63.2392,61.8293,57.6206,58.1976,53.2823,53.5048,50.7254,51.7219,54.2621,62.3456,107.723,208.474,309.542,337.985,304.458,213.67,123.291,63.3094,34.6111,25.1011,20.1597,19.2034,18.4016,17.9195,17.2537,17.6851,18.3689,25.6319
496,0,0,0,0,0,0,0,0,0,284.002,301.586,281.406,298.367,310.215,318.312,305.873,295.773,291.525,259.082,237.991,237.448,229.524,216.291,194.551,193.514,180.216,161.849,154.006,141.544,145.661,136.781,128.311,118.264,119.36,115.967,109.782,104.637,107.371,110.845,96.8519,100.914,92.8138,94.7231,91.1334,101.797,102.523,101.21,93.3417,98.915,102.234,104.199,102.989,103.779,108.844,106.367,108.286,111.261,107.655,112.634,108.96,112.29,104.157,104.291,106.424,106.788,106.867,101.517,97.1727,95.5887,91.4021,86.0018,80.4361,81.3779,73.7809,71.2214,67.6258,63.9815,62.5696,58.0518,57.7008,54.1307,56.0705,49.6996,48.418,47.8898,47.6456,46.9849,47.1371,62.4344,122.392,211.582,291.669,312.798,255.392,165.943,93.7055,48.603,29.4927,21.5615,18.0281,15.9602,17.3055,17.547,15.2166,17.2995,18.9024
498,0,0,0,0,0,0,0,0,0,0,275.902,262.038,282.169,286.554,279.266,267.652,267.433,260.928,239.758,220.001,221.466,217.508,196.299,178.044,172.174,166.239,154.2,144.702,135.36,130.473,122.364,118.073,110.563,109.888,106.111,105.99,98.1915,102.937,97.5373,90.9369,91.8884,85.747,93.7741,88.7419,91.365,94.091,90.1932,90.4619,91.7261,90.1198,92.0817,94.0522,95.1608,100.024,99.8514,94.7246,96.6385,97.5348,107.267,98.3233,97.031,96.2136,98.4491,97.5634,95.7722,93.9858,96.513,90.4085,83.1829,84.3899,77.8495,72.5259,73.6776,71.751,65.8333,61.9149,60.3013,58.661,54.2374,54.9002,50.8407,47.8345,45.6726,45.5602,43.1898,42.0323,41.5259,42.5952,44.0507,69.031,127.456,218.449,277.469,271.841,205.238,127.548,73.2058,38.5613,24.1564,17.7165,14.7704,16.5637,15.3185,15.7388,17.068,15.5062
500,0,0,0,0,0,0,0,0,0,0,248.346,259.068,267.398,259.235,237.1,246.545,261.789,226.84,233.474,214.059,210.499,206.853,180.432,170.659,154.481,151.716,145.102,135.97,127.526,116.74,112.463,109.03,106.035,103.314,99.6463,96.1888,87.7514,95.279,86.7268,87.219,84.615,82.0233,86.131,87.986,81.1663,87.2536,82.8226,82.4548,85.2422,85.3666,80.9927,87.4095,90.5748,90.4674,90.551,86.2318,89.2105,92.5428,95.2921,90.9421,89.5579,92.2406,92.7995,88.8236,87.6184,88.6077,88.8834,83.5233,81.2956,76.3025,71.1759,67.2599,67.3528,64.3768,63.4146,57.7043,57.0012,55.9018,49.5775,52.2574,47.2366,43.4449,40.689,43.5588,39.4182,39.7847,39.21,40.1627,36.2561,42.0869,68.9408,140.036,215.567,255.801,234.504,169.073,106.805,56.9336,29.4166,19.5658,14.8404,16.0248,12.856,15.9986,15.4792,14.7181
502,0,0,0,0,0,0,0,0,0,0,0,250.842,243.162,239.795,226.201,243.427,235.292,209.137,206.777,199.324,189.735,181.401,168.06,161.859,150.263,138.509,128.164,128.997,110.934,109.458,109.843,103.83,94.3544,95.6102,92.3503,87.6284,82.9135,82.4978,80.1009,79.9143,78.5733,77.6803,75.6779,81.4663,79.05,78.3478,77.2467,80.0294,76.9683,81.8732,77.6046,81.8339,84.5546,85.1804,82.6056,80.7765,86.9901,84.0738,85.3407,85.7171,85.2905,89.3633,84.0504,84.7336,81.2632,83.4168,83.2012,78.9813,76.6075,71.0713,68.8698,64.7089,60.5318,58.7393,60.4722,53.4861,55.1996,51.7048,46.3778,47.5475,45.1101,41.6033,38.9237,39.098,37.9785,37.9845,35.4255,35.3164,33.4388,34.5718,41.1513,80.8963,146.615,213.306,235,203.12,143.455,83.0041,43.923,23.558,15.8568,14.5042,13.1857,14.7134,14.4922,13.4495
504,0,0,0,0,0,0,0,0,0,0,0,245.969,233.916,217.748,215.758,230.181,214.869,214.015,183.846,191.451,177.555,167.528,162.72,147.992,144.596,128.536,119.253,115.13,108.214,101.893,100.678,97.2638,89.7281,88.2677,89.9655,86.0884,78.6615,74.1836,75.4428,78.4722,73.684,71.8413,71.2088,73.9603,71.5291,72.1886,72.7298,78.8031,70.754,77.6347,73.638,77.1664,80.2302,79.9803,76.0259,78.0536,81.1635,76.9213,84.4587,77.5662,81.7475,80.2974,79.702,78.7482,81.0373,77.1711,74.7604,73.6193,70.8483,68.7985,66.5157,63.5691,56.6001,55.9361,53.1455,52.0644,52.6022,49.7592,45.7589,44.1045,42.194,38.9108,37.5647,36.0636,34.3912,34.1355,33.8315,32.6489,31.6506,32.4831,31.0081,45.0301,89.7986,153.67,207.211,216.812,176.738,116.131,67.5307,33.8383,19.6754,14.1318,13.0227,13.0523,13.6024,12.2879
506,0,0,0,0,0,0,0,0,0,0,0,0,226.375,208.583,210.236,209.886,204.408,199.61,186.851,187.193,174.284,160.212,153.373,137.104,134.737,121.873,117.099,102.953,103.214,101.653,93.923,89.9867,87.3059,80.5357,85.6215,80.0063,72.7585,70.2945,70.8819,75.3038,69.2167,66.8634,66.439,67.6205,71.2534,71.0618,67.7978,73.8755,66.8294,70.953,69.61,71.9283,74.2603,74.1347,70.8099,75.907,75.7395,70.3405,79.2594,72.5282,78.5918,73.4134,77.1908,74.1881,77.9364,74.7175,69.8671,68.6526,66.475,65.1927,62.1267,61.265,54.8301,53.522,48.616,50.9945,48.606,47.2887,43.0996,41.5183,39.9415,39.1681,35.1461,35.3102,32.6989,32.8721,32.3312,30.9439,29.636,30.0817,28.5458,30.9377,50.4425,98.9326,163.382,206.832,197.177,148.729,98.7462,53.0532,26.77,16.5542,14.3815,12.0904,12.2336,12.0121
508,0,0,0,0,0,0,0,0,0,0,0,0,228.097,205.223,202.775,201.937,197.491,181.725,176.844,173.66,159.476,155.563,139.458,130.863,125.992,119.344,107.357,101.947,96.562,101.734,87.9475,85.0762,82.0605,73.8106,76.0235,70.1352,70.9262,66.1806,68.3622,70.323,65.0601,63.0854,65.1266,60.7472,68.1498,66.079,63.9501,65.6394,68.0353,66.8054,62.7732,65.276,66.9526,69.5076,67.8393,69.1461,71.5039,67.9041,70.4424,69.1654,72.9004,72.2519,74.7635,71.6408,70.8898,71.5211,67.158,65.0601,63.3372,64.8346,56.5794,55.9552,51.6471,53.7057,47.0235,48.0104,46.2902,44.0765,42.0903,39.7844,38.2392,37.3759,34.9943,34.7957,32.0165,31.0265,30.5695,29.1234,27.3738,28.0215,26.9857,27.8145,31.8727,58.6568,113.651,171.174,195.484,173.051,130.74,76.02,40.296,22.0872,16.7136,11.6957,11.0674,11.7541
510,0,0,0,0,0,0,0,0,0,0,0,0,0,208.076,202.644,202.133,188.925,175.97,165.157,167.211,155.673,146.085,133.18,132.861,119.307,117.457,105.602,96.3972,92.0904,93.9153,83.2765,83.6423,80.534,69.6304,71.4301,68.3054,68.6249,62.6295,66.0004,65.9137,60.6798,62.2715,66.8826,58.6596,56.9568,62.4199,58.8727,63.22,63.7908,61.6544,62.5395,60.7702,62.5134,64.2746,65.0566,62.4471,67.171,66.5611,66.4428,65.5975,69.1955,70.2859,70.1546,67.3734,66.7993,64.6036,62.5961,62.3576,60.3101,60.6384,57.2752,52.9853,51.6475,53.3493,45.735,45.5895,44.1533,43.0409,39.7523,36.8499,36.6812,34.3058,33.4452,33.7684,30.2244,27.7188,28.3086,27.514,26.4061,26.8112,24.9009,25.3598,26.4288,35.1868,71.0242,124.737,173.519,186.73,158.333,105.581,63.3429,32.532,19.7384,13.5665,11.1339,11.4324
512,0,0,0,0,0,0,0,0,0,0,0,0,0,204.754,202.11,189.805,181.982,176.082,160.792,154.339,152.532,128.742,131.837,130.771,117.95,115.552,106.094,91.4557,84.8663,83.1673,80.4519,79.1775,74.5698,69.9124,72.3975,66.8297,66.5163,62.2803,63.0073,61.1622,57.5836,59.3985,65.9553,57.8631,54.6245,58.8454,59.1958,60.6028,59.1037,59.996,66.1478,61.6777,58.4626,61.6695,58.8386,63.5439,64.2811,63.421,61.9167,66.1656,65.9656,66.2762,64.4164,64.2662,64.093,61.4082,59.3569,62.4281,57.3292,55.4238,57.512,51.3604,48.7758,49.6836,44.4021,44.2608,42.0157,41.1279,36.028,34.9876,35.1291,33.6727,32.274,30.6885,30.0137,27.2954,26.8708,27.0015,24.5628,25.7739,23.5143,23.7298,24.8932,26.4875,40.8202,79.2975,133.782,182.824,179.891,138.532,91.9179,53.6383,28.3948,16.9295,12.57,11.869
514,0,0,0,0,0,0,0,0,0,0,0,0,0,0,189.975,169.734,171.353,176.358,166.933,147.508,137.475,130.355,118.808,127.084,114.318,112.128,100.317,94.4224,87.1036,84.2457,81.2273,79.2063,70.0676,72.7319,69.4905,64.1632,63.9681,62.3096,59.7949,56.3498,58.8258,54.8742,56.5434,53.7221,53.9986,57.2037,58.26,58.1587,57.1811,58.3893,62.1322,61.5395,58.9202,59.7424,58.294,62.9637,59.4472,64.9054,59.7662,64.5541,63.0504,62.0063,64.0299,63.9412,61.3285,59.4466,59.174,60.524,56.608,52.5417,53.7531,50.8345,48.8446,45.9435,42.295,41.9695,42.8915,39.6051,35.1051,35.6318,34.4908,32.3181,31.8293,30.318,29.0754,29.458,25.349,26.4162,23.8601,24.2367,23.5039,22.7755,23.5379,23.5524,26.8013,46.6769,90.7851,151.759,182.527,164.55,125.952,81.4825,43.3174,23.2106,14.9544,12.6951
516,0,0,0,0,0,0,0,0,0,0,0,0,0,0,187.666,171.066,166.724,163.905,167.172,151.658,135.994,135.27,119.87,121.618,110.527,104.328,100.141,94.6939,84.1729,88.0676,78.3367,81.121,73.8359,70.8812,65.7199,61.1891,59.7456,59.8756,60.3083,53.7244,57.1322,53.1311,55.6527,53.1615,52.9437,57.5199,54.6646,53.5002,58.0156,54.7097,58.5765,62.2489,58.0606,56.4778,57.9907,59.9096,57.9933,64.4538,59.1605,61.2125,64.1636,60.4991,61.5202,63.2355,58.4687,58.5421,57.8332,59.5802,57.095,50.1903,49.6538,50.6497,48.477,47.0408,40.986,39.6735,41.9655,39.1098,35.2555,36.1602,33.9944,31.5685,32.3534,32.1544,29.9314,29.7628,25.5964,25.3076,24.1869,24.8853,23.001,23.0441,22.9614,22.4679,22.8695,28.2612,55.7076,107.544,160.054,175.689,158.793,113.293,68.9088,36.3344,19.6143,13.7866
518,0,0,0,0,0,0,0,0,0,0,0,0,0,0,0,177.774,172.732,166.337,157.593,154.84,138.378,131.088,131.902,112.754,112.967,105.059,99.6736,85.8296,81.8378,86.6711,79.5798,78.2052,74.3544,67.7215,66.0111,63.4113,59.2815,59.8627,60.6341,56.7353,53.1723,52.6923,58.1461,51.7293,55.1732,52.7315,54.9364,52.9876,56.8902,51.8219,56.9846,60.1954,57.2685,56.6413,57.8564,61.4891,59.4473,60.5232,60.7346,61.3809,61.2245,60.3302,58.8245,60.9658,56.8025,58.4911,56.9274,59.3286,55.9696,49.3456,47.7614,49.7972,48.0427,47.7141,42.5475,39.3554,40.2982,37.7063,36.1228,34.6764,33.3796,30.9579,32.5986,30.9216,29.2318,28.122,26.9909,24.6798,24.0348,23.7925,23.2537,23.8964,22.306,21.2878,21.4527,21.5669,33.4252,67.9288,123.481,170.27,175.97,149.156,99.4804,58.4046,30.0889,16.7515
520,0,0,0,0,0,0,0,0,0,0,0,0,0,0,0,185.077,184.486,171.023,150.728,154.982,138.898,132.754,131.05,110.226,115.539,103.405,98.0569,85.3819,79.7064,83.8962,81.7919,76.178,72.0765,66.8264,63.7487,67.4496,59.3103,61.3716,60.0882,60.0293,52.9135,54.5702,57.5353,52.1272,54.9451,51.5368,55.1015,57.7082,54.2418,50.7895,57.1578,58.88,57.3365,57.5249,60.6999,61.5497,56.5043,57.9102,64.0494,61.7686,55.5596,59.888,58.1437,59.8331,58.4428,58.3932,58.8273,57.3339,52.4073,51.2165,49.4053,47.0474,49.9158,44.551,41.2348,39.9386,40.7943,37.0325,34.8832,34.796,33.2788,31.6916,31.9678,28.5793,28.4692,29.1407,27.0164,24.2829,23.9184,22.7944,22.4109,23.007,22.2,20.6972,20.9516,20.3078,23.7932,40.3275,79.9349,141.825,175.418,173.804,137.119,88.3457,50.8949,25.8374
522,0,0,0,0,0,0,0,0,0,0,0,0,0,0,0,0,187.724,167.934,150.862,149.459,134.98,134.453,125.003,117.361,114.434,99.8235,96.9343,88.7078,81.6363,86.9446,76.3708,79.7157,70.8505,66.1384,63.0158,63.0859,60.5801,58.4795,57.1081,56.566,51.6681,54.9818,52.3048,50.2589,55.9376,51.2638,54.074,57.3558,51.5087,55.439,60.0224,58.5036,56.7945,55.5368,56.6001,59.0807,57.5528,58.7511,58.9731,59.4797,54.6951,59.7294,57.9155,61.4666,60.3479,58.851,58.3906,54.9789,52.6404,51.0323,49.9935,46.767,49.5263,44.359,40.1975,39.1298,41.0711,39.0759,35.6163,34.6122,33.2137,32.2737,31.252,29.5557,29.4722,28.8051,26.2912,25.1716,23.9302,24.0687,21.5196,22.1785,22.0859,21.1964,19.5768,20.1023,20.6947,28.4916,48.7186,99.9776,159.148,178.874,169.243,125.339,79.8667,40.8981
524,0,0,0,0,0,0,0,0,0,0,0,0,0,0,0,0,190.38,181.023,154.874,148.53,129.509,138.693,122.08,122.178,107.447,97.542,99.0612,91.693,87.0396,85.4563,76.3214,74.0531,71.4891,68.5366,66.5196,63.282,61.1919,57.4637,56.0989,55.906,52.7696,53.3518,54.5033,51.1795,54.286,50.3805,52.4023,53.6753,53.3771,57.0542,58.4706,57.0576,55.8359,56.7758,54.5734,59.2996,58.3033,59.6602,56.9092,59.6288,58.9468,61.7437,60.4912,61.8495,61.2859,59.9116,56.6697,56.272,54.2055,49.512,50.6755,45.2574,46.6201,47.0418,41.0025,40.8814,38.886,39.3167,37.6848,34.2764,31.537,31.8778,29.8999,30.5318,30.1927,28.7579,26.0843,28.1837,24.0988,25.509,21.8355,20.8972,20.4544,21.0927,20.1094,19.0769,20.0505,22.8355,29.4489,62.9052,121.526,168.544,188.614,162.722,114.363,68.7039
526,0,0,0,0,0,0,0,0,0,0,0,0,0,0,0,0,0,187.365,157.177,143.415,139.256,139.273,125.126,129.176,107.873,98.5036,98.4886,91.5656,86.1964,79.6672,78.7283,73.0021,68.4427,69.7217,66.1038,65.9087,60.9577,58.6843,57.763,56.3857,53.1685,55.2321,56.859,55.0737,51.9097,53.4547,50.3191,54.6328,56.1996,55.3098,54.5316,49.9205,56.9694,57.0225,57.1606,56.4917,60.5943,58.3381,58.3265,62.27,60.1818,64.9755,59.0505,58.7803,61.1028,54.0354,56.6552,57.1631,54.3022,51.084,50.9056,45.3134,45.3217,47.0551,42.4067,41.9973,39.8677,39.1005,36.1767,35.2885,31.8996,31.4549,29.0343,30.8746,30.1572,29.7192,26.0584,26.4209,25.2126,24.6119,22.3325,20.1613,20.5895,19.5344,20.0907,19.6936,19.5598,21.6003,21.7143,37.7977,79.04,136.109,187.562,189.242,154.261,108.982
528,0,0,0,0,0,0,0,0,0,0,0,0,0,0,0,0,0,176.742,171.49,147.156,140.746,136.989,129.025,128.837,108.303,96.0846,98.7698,91.1541,82.805,79.339,78.2756,78.0527,66.863,69.1026,66.6413,62.614,63.2712,60.9062,56.5329,57.4769,52.2534,59.2756,53.4245,57.8413,55.7674,53.8046,51.6599,53.7338,56.6745,57.7743,54.1293,49.9633,57.0372,54.6463,57.2668,55.3969,60.5534,57.0194,58.3512,62.0465,57.4542,62.1331,57.5893,58.4222,60.4445,53.764,56.9193,55.7781,54.943,51.4695,50.6309,45.5094,45.5256,45.1352,41.4322,43.9651,41.2727,38.6726,36.1878,36.5064,32.7705,31.3154,30.9206,30.6146,29.8447,28.7744,26.2026,25.3681,26.9904,24.194,22.2185,20.3443,21.9974,19.9122,18.5744,19.5802,19.4432,21.1903,20.2261,26.5298,49.6445,95.4474,160.141,194.388,186.049,149.45
530,0,0,0,0,0,0,0,0,0,0,0,0,0,0,0,0,0,0,174.624,152.317,136.781,130.768,130.008,124.548,112.125,98.9857,99.7942,95.4714,87.0527,78.3097,76.2787,76.8314,69.3872,66.6151,64.9271,61.9821,65.5373,62.7659,56.2968,54.3606,53.5469,60.0005,54.4154,54.2885,56.4954,53.4659,54.8483,53.8775,55.9984,58.628,55.9769,55.4552,55.7343,52.866,59.5382,55.3136,59.6171,57.073,58.9496,62.2005,57.657,59.9489,55.8902,58.9847,60.6233,56.0173,54.9207,53.845,52.9363,50.1007,47.6154,47.7539,46.4459,45.1024,41.4182,43.0062,39.2793,37.445,38.4746,35.825,33.2413,30.9355,32.8271,29.9249,29.4928,28.3439,27.1755,27.0257,26.111,23.5338,22.3422,21.1226,22.409,20.3007,20.2073,19.5493,19.577,21.8887,19.6651,22.6894,29.3602,57.6058,114.183,172.709,201.577,188.07
532,0,0,0,0,0,0,0,0,0,0,0,0,0,0,0,0,0,0,174.399,159.052,144.216,130.6,126.319,115.44,115.379,104.018,95.4724,88.1265,88.0275,78.1438,74.1254,75.5152,72.4917,69.0236,62.3726,62.6791,66.8549,58.0564,58.0689,53.5076,53.7669,53.5922,54.2863,50.8057,50.0975,52.091,50.8445,51.4176,54.0462,53.297,53.5544,56.6596,55.8176,52.0373,60.8069,54.4116,58.5039,57.6197,60.5485,62.3686,58.1364,59.4886,54.985,55.1086,59.2555,55.4491,54.3013,53.2791,51.0454,50.5874,49.3819,47.6268,45.8067,45.2589,43.5082,40.0121,38.3245,38.0538,38.627,36.0181,34.0349,30.2789,33.4049,28.3939,29.4773,27.9383,27.3022,26.841,25.4588,23.759,22.1673,22.2889,20.0455,18.8791,19.8558,20.4049,18.6143,18.8993,20.2349,20.7577,20.9424,33.152,71.8285,136.4,195.424,204.144
534,0,0,0,0,0,0,0,0,0,0,0,0,0,0,0,0,0,0,0,167.927,147.511,136.278,120.255,108.421,109.387,104.01,93.0263,83.7083,84.4767,78.1433,72.1586,69.7217,71.5516,71.9881,62.6546,65.2544,65.9992,58.3439,54.7895,55.5976,55.8463,50.9167,51.0609,50.6889,48.8621,53.9949,48.8933,49.9166,51.2168,55.9643,51.4464,55.6201,54.4211,52.14,57.0571,54.8184,54.5997,53.9583,58.9887,57.6221,55.6567,54.4563,56.3362,54.2097,56.7704,54.7849,54.9861,54.9019,51.6982,50.9139,48.7322,47.9265,45.7691,43.4559,43.2775,39.5105,39.3295,36.9106,35.2647,35.6283,33.0048,31.5981,31.6345,29.3264,29.3454,28.821,26.5883,26.6575,24.6074,23.7919,22.2818,21.6057,19.5889,18.5514,17.8868,18.8535,16.017,17.1089,19.3977,19.6581,19.8261,23.1315,42.4951,93.5869,159.123,195.781
536,0,0,0,0,0,0,0,0,0,0,0,0,0,0,0,0,0,0,0,163.747,141.846,132.889,119.856,112.6,105.284,97.2198,95.0611,87.1145,82.1278,76.8379,72.3919,67.4258,67.6813,67.9713,64.2554,65.1648,62.75,59.8547,51.0549,52.4952,57.8278,50.1988,50.432,50.7782,50.284,54.6591,50.5096,49.9024,49.347,56.7081,52.3942,51.8091,53.1253,50.6992,55.7205,53.7833,51.8391,53.5933,55.8454,54.5196,54.2983,52.9837,56.367,55.2246,54.5321,56.5592,52.8808,54.8714,50.1866,49.6213,45.5983,46.1164,44.6542,42.1025,41.151,38.6168,40.1698,36.1315,33.7172,33.558,31.4951,32.2983,31.208,30.0009,28.124,29.4893,27.0975,26.6676,23.303,23.6906,22.7686,20.5241,21.0297,18.5722,18.1494,17.7274,16.8681,18.1427,18.8692,18.384,19.0186,18.9092,27.5202,57.8512,113.947,171.415
538,0,0,0,0,0,0,0,0,0,0,0,0,0,0,0,0,0,0,0,0,140.491,123.616,114.1,113.682,104.221,92.7775,92.046,84.102,80.5266,76.4346,73.165,69.6259,62.4403,62.3873,64.4912,58.6887,57.0189,56.1232,55.8468,47.8628,49.5468,46.937,48.5806,46.5327,49.3811,55.881,48.7515,48.6522,49.5771,51.7247,53.5614,50.9624,53.2985,49.7343,54.9709,51.3221,51.6242,55.9459,51.5384,55.0965,55.1472,55.192,54.1836,53.9835,53.6962,58.179,50.6419,51.7045,47.6595,49.0398,43.8684,42.0703,43.6235,41.429,40.0778,39.6176,37.92,36.0716,33.9197,31.561,30.4708,31.1986,31.4018,28.7105,27.3773,28.8668,27.5423,24.7263,23.2644,22.8067,22.0909,20.2713,20.1117,17.7791,17.8875,18.7212,17.5321,16.9746,18.3695,17.5363,17.2041,17.9893,19.2023,34.0715,71.5091,128.524
540,0,0,0,0,0,0,0,0,0,0,0,0,0,0,0,0,0,0,0,0,138.019,121.252,111.058,109.007,100.309,89.6531,88.8994,77.9821,77.6227,74.5759,74.0732,65.7316,60.0582,59.7284,58.6131,55.0606,52.9682,53.1687,55.1979,49.2719,46.8078,47.8707,46.195,43.7743,49.6015,52.6096,48.2486,50.212,48.1566,45.4054,51.7056,47.78,53.6083,48.1628,50.1474,49.7174,51.3249,55.1417,48.5907,51.4675,52.7503,55.8187,51.2219,50.4634,50.7669,54.8988,46.25,48.3107,46.8098,46.5844,43.4095,40.6752,38.9876,40.037,35.9631,38.8276,36.8708,35.4649,33.0427,30.8474,29.9783,29.5987,29.4031,28.3849,25.5722,27.0914,26.0548,24.0551,23.1607,22.8018,21.0614,19.1905,19.5927,18.1761,17.3191,18.7335,17.6511,15.9559,16.7217,16.7915,16.7217,17.6172,16.4036,23.2387,41.0605,80.6468
542,0,0,0,0,0,0,0,0,0,0,0,0,0,0,0,0,0,0,0,0,0,127.632,107.466,108.822,94.4587,85.4875,85.2708,76.7197,78.3804,73.2049,66.6292,63.9535,64.3626,58.007,56.3192,51.9796,52.0065,48.7767,48.6044,52.0733,47.7032,49.7555,47.7352,46.1283,45.7606,44.64,44.9822,46.7763,47.3183,45.7564,47.9094,45.4472,52.1994,46.9158,50.2675,47.5531,48.1285,51.9671,49.9892,47.6274,50.4255,52.5265,49.3817,52.2618,47.4663,49.1695,44.5489,48.5826,48.3083,42.3057,41.9826,40.5078,35.7748,37.8876,33.7668,35.4343,36.2135,32.5722,32.9201,29.2153,29.318,28.0124,28.2191,28.4903,24.5556,24.5582,25.1389,23.6508,23.2616,22.522,20.0227,19.2502,18.2362,18.5288,17.1795,17.4172,17.4862,15.0179,15.382,16.1618,15.4803,16.3114,15.5749,18.5929,24.8081,45.3917
544,0,0,0,0,0,0,0,0,0,0,0,0,0,0,0,0,0,0,0,0,0,123.239,104.159,104.397,91.5681,84.8409,83.482,74.2683,73.7507,70.3505,63.207,68.0112,64.5269,56.0285,56.6076,50.3352,49.6624,46.3746,47.0639,50.2558,45.5186,46.3038,44.8804,47.047,43.2755,42.1209,41.0632,41.1989,45.1723,48.0047,45.923,43.6717,49.2464,47.3078,45.6807,46.5535,46.8843,46.8651,46.9062,46.1367,48.4339,49.8309,49.6709,49.8368,46.0409,44.8678,45.0936,43.305,44.6932,40.3213,40.3535,39.7131,36.3882,34.1946,34.3838,34.6769,34.3014,29.9976,33.1307,28.1336,27.1928,26.4484,27.3183,26.1029,25.7542,23.8372,24.6089,22.0212,22.2656,23.1522,18.7434,18.6687,18.2309,19.1746,17.0509,16.3816,16.0203,15.3641,15.829,14.9696,15.4046,15.9573,15.5077,16.3855,19.2761,27.2182
546,0,0,0,0,0,0,0,0,0,0,0,0,0,0,0,0,0,0,0,0,0,0,109.437,97.8758,92.2763,84.9425,83.2238,72.8238,67.6151,62.7325,65.2902,63.6966,58.8143,55.1343,55.9224,49.9728,47.7708,47.9208,47.085,46.972,45.1807,44.2791,40.0718,40.8563,41.6371,38.7392,41.063,38.7141,41.5595,46.1241,46.5242,41.3022,43.6108,44.3889,42.6284,44.7803,44.1803,45.9301,46.3559,47.6479,43.1908,49.1538,48.2285,45.4994,45.8085,45.4192,44.7652,40.1959,40.1743,39.0362,40.7781,38.7049,35.3488,33.0016,34.2781,32.0175,30.4909,29.1291,29.8467,29.7903,25.3326,25.886,26.2366,23.7919,23.8219,22.1309,23.7473,22.3191,21.0139,22.7311,17.56,17.4025,18.5354,18.2398,15.7928,16.5771,15.8753,14.8512,15.7666,12.9939,14.6143,15.7734,16.642,15.5469,16.8885,17.5783
548,0,0,0,0,0,0,0,0,0,0,0,0,0,0,0,0,0,0,0,0,0,0,108.599,96.0738,85.7253,78.1773,77.9499,73.6499,65.9321,61.0465,64.3916,55.9499,53.6939,53.7416,56.504,46.3299,48.652,48.7524,46.2724,43.4452,42.359,40.2154,42.1339,39.3854,38.4545,39.2986,42.3499,39.765,40.4319,41.1877,42.7631,40.0007,42.0339,42.2197,41.7698,42.1665,42.7574,44.4481,47.314,46.454,41.9716,44.8031,45.4409,45.9876,43.9637,44.361,44.3832,41.0073,39.3079,36.4513,37.4622,35.8683,35.2899,33.6974,33.8277,30.7316,30.8008,27.3577,26.2372,28.6621,25.5431,25.811,23.7453,22.2906,23.2525,20.2504,23.6125,21.1095,18.7423,20.2618,17.4146,17.0321,17.4201,18.1363,14.7019,15.6763,15.0475,13.5941,14.4497,12.7619,12.7037,14.1576,15.4266,14.9538,15.5139,14.9066
550,0,0,0,0,0,0,0,0,0,0,0,0,0,0,0,0,0,0,0,0,0,0,0,95.9977,81.1751,74.0737,71.5255,70.3492,60.9471,66.9381,58.7673,53.1563,54.0888,50.1045,53.6217,46.554,46.7811,45.8713,45.1413,42.2025,40.0188,38.26,39.9847,41.4686,39.4449,38.5195,40.5392,37.8109,41.9641,39.4816,37.2454,37.8636,40.6599,40.3443,38.5342,41.1284,40.3265,42.7933,43.8145,41.1244,41.6927,42.0707,43.328,43.7947,43.3373,42.1557,42.1872,39.6659,37.8718,35.5314,33.788,35.7984,33.6613,31.7399,31.4916,29.9868,31.9968,26.9509,25.6727,26.6356,24.911,25.8275,22.1358,22.1346,23.4154,21.0887,22.9955,19.8447,18.5513,20.0873,18.2796,17.7753,16.563,16.6498,14.2037,13.9451,14.2562,12.9068,13.7371,13.7573,11.9888,12.2657,13.3051,14.1688,14.3117,14.6497
552,0,0,0,0,0,0,0,0,0,0,0,0,0,0,0,0,0,0,0,0,0,0,0,100.719,86.2805,75.883,69.3908,66.1737,59.644,64.9586,53.3201,53.4322,49.7801,50.1904,48.9377,44.5548,43.0616,41.1968,42.1269,41.3417,38.9035,35.5071,38.8524,39.9922,39.9825,36.3286,35.6519,32.4539,37.8743,37.8957,36.8902,37.1176,36.2356,37.3649,36.8334,37.3011,37.1717,42.9259,41.7312,38.1192,37.662,39.8975,39.5347,38.4717,40.6082,41.2726,37.9823,38.3032,34.9916,35.4093,33.6198,35.0376,30.9876,27.9174,30.3223,27.8978,31.1095,27.9468,25.9522,25.0999,22.9732,24.8681,22.5728,22.9501,21.1375,20.7773,21.4763,20.7054,19.0027,19.5299,16.8669,17.2287,15.6768,14.3411,13.205,13.6722,13.7456,12.8685,13.8259,13.3751,11.412,12.8781,12.088,14.0684,12.6799,14.5585
554,0,0,0,0,0,0,0,0,0,0,0,0,0,0,0,0,0,0,0,0,0,0,0,0,82.0588,73.2583,66.4768,64.6487,59.1111,60.2482,50.9446,51.9809,43.8469,48.9105,44.337,43.6335,40.3139,44.0656,38.2748,40.1319,36.5205,34.4436,37.7083,36.6868,35.3997,38.7763,34.4034,32.9837,34.3727,35.256,34.4115,34.8869,35.7537,36.99,33.9153,35.1334,38.7034,37.2081,38.8081,35.5343,37.1928,37.3695,35.2185,37.4022,33.9182,38.6276,34.255,36.7146,33.1468,34.274,32.0159,31.7551,30.079,28.1373,28.7522,26.3678,27.4943,27.212,25.5453,24.2477,21.8596,22.7136,22.3034,21.2109,21.3638,19.325,20.2377,19.5271,17.8361,16.9672,14.9958,14.9875,14.7669,13.177,14.338,13.4374,12.1671,12.4677,13.8355,13.0768,11.2618,13.1521,11.0106,13.3467,11.8004,13.3024
556,0,0,0,0,0,0,0,0,0,0,0,0,0,0,0,0,0,0,0,0,0,0,0,0,72.299,68.1138,60.713,58.4016,55.2475,57.4605,52.4051,49.227,45.6716,47.4572,43.15,41.7266,39.4434,43.8065,38.3828,38.6628,36.0692,33.832,37.3408,34.3242,31.3674,36.398,31.8779,33.1196,35.571,31.684,32.1291,31.67,34.5569,36.261,32.5315,34.3868,37.2196,32.6194,32.482,34.125,36.0425,37.3218,35.3643,36.9189,31.6469,35.725,33.7802,34.8906,32.6399,33.2851,30.8657,29.6734,29.2557,28.159,27.146,24.1623,24.5272,26.3205,23.137,22.7856,22.074,21.6029,21.2956,19.6853,21.6838,18.1081,19.152,17.8131,16.7624,15.394,14.5623,14.4509,13.8814,13.5682,14.6864,12.2433,12.2584,11.4522,12.9459,13.5954,11.4644,11.5585,10.7629,12.4444,11.8078,12.1888
558,0,0,0,0,0,0,0,0,0,0,0,0,0,0,0,0,0,0,0,0,0,0,0,0,0,68.7581,56.3395,53.0976,52.4805,53.2346,48.6082,48.2268,46.1802,43.9974,43.8528,38.5303,40.287,36.3096,39.5355,33.5418,33.6932,32.8754,35.4751,30.9475,31.8423,32.0536,30.4005,30.8059,36.1805,28.3509,30.5183,29.9222,33.6245,32.9924,31.9872,33.7238,32.9385,31.8754,30.2768,35.3643,32.9639,35.9676,36.5101,33.8993,33.9706,32.6923,32.0233,31.7789,30.909,28.8346,30.811,28.6051,27.6694,24.9534,25.6097,22.4765,24.508,24.3701,21.8263,20.4625,20.6652,20.2819,19.0478,19.1975,18.8118,16.6496,18.1435,17.3954,16.1605,15.0369,14.5325,13.7374,13.4749,13.0734,13.3176,12.5314,12.8267,11.9255,12.757,13.1971,11.1708,11.1529,11.6743,11.8586,12.0495,11.6409
560,0,0,0,0,0,0,0,0,0,0,0,0,0,0,0,0,0,0,0,0,0,0,0,0,0,65.9494,57.5636,53.5737,52.1497,47.4188,44.3157,45.3725,42.7191,40.1929,40.2421,37.7502,38.6682,35.0063,36.682,29.1073,32.5843,31.8066,30.6833,27.8352,30.3325,30.4118,29.6393,30.8664,32.2343,30.041,30.1023,30.6715,30.9675,32.6995,31.1949,31.447,30.7187,31.8992,30.3475,32.4288,31.2193,32.8398,33.1618,31.2352,32.4556,30.5741,29.078,28.7521,28.3064,25.2762,27.3778,27.1258,25.7779,23.0998,23.9185,22.2522,21.539,22.4057,21.0646,20.704,19.2151,19.0929,18.6174,18.6678,16.2987,16.0238,16.5082,15.9031,13.9809,15.377,13.7699,13.542,12.7433,12.5999,13.0338,12.4128,12.9135,12.0944,13.4359,11.3353,11.0268,11.4483,12.3464,11.3539,11.4052,11.1371
