TITLE,Blank2
DATA TYPE,FLUORESCENCE SPECTRUM
ORIGIN,JASCO
OWNER,
DATE,2024/10/29
TIME,10:53:00
SPECTROMETER/DATA SYSTEM,JASCO Corp., FP-8350, Rev. 1.00
DELTAX,2
XUNITS,NANOMETERS
YUNITS,INTENSITY
FIRSTX,  300.0000
LASTX,  560.0000
NPOINTS,     131
FIRSTY,    32.99582
MAXY,    44.80462
MINY,     0.00000
XYDATA
,240,242,244,246,248,250,252,254,256,258,260,262,264,266,268,270,272,274,276,278,280,282,284,286,288,290,292,294,296,298,300,302,304,306,308,310,312,314,316,318,320,322,324,326,328,330,332,334,336,338,340,342,344,346,348,350,352,354,356,358,360,362,364,366,368,370,372,374,376,378,380,382,384,386,388,390,392,394,396,398,400,402,404,406,408,410,412,414,416,418,420,422,424,426,428,430,432,434,436,438,440,442,444,446,448,450
300,32.9958,31.7457,28.2598,35.2764,39.5624,28.4247,21.1699,31.9588,27.0499,27.1718,55.6795,105.174,328.706,1312.76,3518.25,5778.41,5908.45,3740.4,1474.08,433.945,170.309,156.015,166.941,177.307,185.296,257.229,0,0,0,0,0,0,0,0,0,0,0,0,0,0,0,0,0,0,0,0,0,0,0,0,0,0,0,0,0,0,0,0,0,0,0,0,0,0,0,0,0,0,0,0,0,0,0,0,0,0,0,0,0,0,0,0,0,0,0,0,0,0,0,0,0,0,0,0,0,0,0,0,0,0,0,0,0,0,0,0
302,33.5536,32.7609,20.3508,31.7412,32.6535,45.8878,26.2932,35.9036,21.4954,25.0037,42.1638,52.3405,131.9,479.305,1743.32,4032.91,5955.03,5358.96,3091.43,1114.52,311.852,158.492,150.872,170.98,159.608,186.707,243.104,0,0,0,0,0,0,0,0,0,0,0,0,0,0,0,0,0,0,0,0,0,0,0,0,0,0,0,0,0,0,0,0,0,0,0,0,0,0,0,0,0,0,0,0,0,0,0,0,0,0,0,0,0,0,0,0,0,0,0,0,0,0,0,0,0,0,0,0,0,0,0,0,0,0,0,0,0,0,0
304,37.0356,43.4007,20.2584,24.3459,32.7706,50.9731,31.0114,27.9528,16.4211,25.7043,32.3898,37.9592,66.3286,153.961,616.775,2047.07,4504.07,5934.77,4943.59,2530.18,896.161,256.086,139.174,152.369,145.995,156.942,169.55,217.512,0,0,0,0,0,0,0,0,0,0,0,0,0,0,0,0,0,0,0,0,0,0,0,0,0,0,0,0,0,0,0,0,0,0,0,0,0,0,0,0,0,0,0,0,0,0,0,0,0,0,0,0,0,0,0,0,0,0,0,0,0,0,0,0,0,0,0,0,0,0,0,0,0,0,0,0,0,0
306,44.791,48.3983,24.4024,26.4979,30.104,42.7138,32.9767,35.4845,22.1833,27.949,33.7729,29.6635,45.2241,74.5977,213.129,773.286,2434.87,4778.94,5774.44,4374.16,2173.74,725.524,209.646,130.087,139.874,139.062,147.871,160.905,222.202,0,0,0,0,0,0,0,0,0,0,0,0,0,0,0,0,0,0,0,0,0,0,0,0,0,0,0,0,0,0,0,0,0,0,0,0,0,0,0,0,0,0,0,0,0,0,0,0,0,0,0,0,0,0,0,0,0,0,0,0,0,0,0,0,0,0,0,0,0,0,0,0,0,0,0,0,0
308,44.8046,39.1163,25.2236,25.9671,23.6097,38.3266,35.7391,42.3507,36.5674,29.9798,28.3064,22.5881,33.1046,38.7406,98.2658,259.811,993.262,2857.88,5042.76,5500.23,3896.5,1816.89,543.582,171.344,129.779,129.807,140.461,146.043,157.002,219.032,0,0,0,0,0,0,0,0,0,0,0,0,0,0,0,0,0,0,0,0,0,0,0,0,0,0,0,0,0,0,0,0,0,0,0,0,0,0,0,0,0,0,0,0,0,0,0,0,0,0,0,0,0,0,0,0,0,0,0,0,0,0,0,0,0,0,0,0,0,0,0,0,0,0,0,0
310,31.4394,36.0658,28.382,21.0761,24.0641,28.5363,30.7473,37.8303,38.453,33.462,21.4741,20.8618,23.0705,28.9305,58.3358,105.929,319.809,1204.99,3199.7,5082.26,5213,3463.2,1470.1,465.706,157.321,116.968,124.572,136.988,135.21,162.564,219.225,0,0,0,0,0,0,0,0,0,0,0,0,0,0,0,0,0,0,0,0,0,0,0,0,0,0,0,0,0,0,0,0,0,0,0,0,0,0,0,0,0,0,0,0,0,0,0,0,0,0,0,0,0,0,0,0,0,0,0,0,0,0,0,0,0,0,0,0,0,0,0,0,0,0,0
312,30.5568,37.4991,30.6548,25.4909,25.7475,24.5258,28.9054,32.9743,28.944,37.9068,20.8993,20.7187,16.1898,25.3872,36.4299,54.1664,124.719,414.015,1498.17,3466.43,5141,4820.07,2915.29,1220.11,350.517,137.867,110.287,123.157,125.594,137.418,150.615,207.041,0,0,0,0,0,0,0,0,0,0,0,0,0,0,0,0,0,0,0,0,0,0,0,0,0,0,0,0,0,0,0,0,0,0,0,0,0,0,0,0,0,0,0,0,0,0,0,0,0,0,0,0,0,0,0,0,0,0,0,0,0,0,0,0,0,0,0,0,0,0,0,0,0,0
314,21.8966,44.3122,23.5859,26.2001,25.0305,17.5861,22.2854,26.8219,26.2863,34.4603,25.2464,23.3202,15.3016,20.9558,24.744,36.8263,67.6017,150.59,542.837,1757.03,3739.17,5065.77,4309.43,2525.54,920.236,279.315,115.782,106.727,113.015,125.406,122.163,145.937,192.969,0,0,0,0,0,0,0,0,0,0,0,0,0,0,0,0,0,0,0,0,0,0,0,0,0,0,0,0,0,0,0,0,0,0,0,0,0,0,0,0,0,0,0,0,0,0,0,0,0,0,0,0,0,0,0,0,0,0,0,0,0,0,0,0,0,0,0,0,0,0,0,0,0
316,22.0651,41.8913,24.8909,28.7606,20.6549,16.7862,19.878,26.0275,23.9565,30.9853,33.7261,23.2963,20.8,18.4903,20.733,30.8964,39.4182,78.74,172.51,661.948,2020.18,3970.78,4793.42,3890.08,2016.8,716.56,205.982,108.225,98.9897,113.745,113.044,119.47,137.639,183.189,0,0,0,0,0,0,0,0,0,0,0,0,0,0,0,0,0,0,0,0,0,0,0,0,0,0,0,0,0,0,0,0,0,0,0,0,0,0,0,0,0,0,0,0,0,0,0,0,0,0,0,0,0,0,0,0,0,0,0,0,0,0,0,0,0,0,0,0,0,0,0,0
318,25.009,34.634,24.5078,27.147,19.5438,18.8541,15.2696,21.5566,21.1636,29.0097,36.2001,28.1438,24.2707,18.7234,20.2442,23.2893,29.2452,44.6443,77.83,205.178,782.06,2218.51,4010.14,4558.6,3378.59,1636.66,545.834,178.212,94.2559,96.4939,107.017,107.197,112.295,125.706,168.38,0,0,0,0,0,0,0,0,0,0,0,0,0,0,0,0,0,0,0,0,0,0,0,0,0,0,0,0,0,0,0,0,0,0,0,0,0,0,0,0,0,0,0,0,0,0,0,0,0,0,0,0,0,0,0,0,0,0,0,0,0,0,0,0,0,0,0,0,0,0,0
320,20.4706,26.0344,13.243,19.6874,23.5287,15.6852,17.0052,19.7052,19.3505,23.335,25.7691,30.3169,26.5018,22.1591,24.1643,22.3452,29.6043,25.4295,49.2397,96.3256,257.441,909.39,2476.27,3968.01,4203.09,2856.87,1291.14,449.805,128.655,84.6567,93.7699,95.9177,104.217,111.849,114.011,162.882,0,0,0,0,0,0,0,0,0,0,0,0,0,0,0,0,0,0,0,0,0,0,0,0,0,0,0,0,0,0,0,0,0,0,0,0,0,0,0,0,0,0,0,0,0,0,0,0,0,0,0,0,0,0,0,0,0,0,0,0,0,0,0,0,0,0,0,0,0,0
322,18.5176,30.0333,9.60146,17.5452,22.7375,12.1162,22.7527,18.28,19.0921,19.4099,23.5369,29.9058,33.981,24.6363,25.6952,19.6806,25.489,23.4989,32.1431,54.6097,103.458,309.192,1094.58,2573.13,3906.99,3743.48,2366.27,1071.22,292.641,107.348,79.4207,83.6929,95.0775,99.6642,95.7636,113.099,154.584,0,0,0,0,0,0,0,0,0,0,0,0,0,0,0,0,0,0,0,0,0,0,0,0,0,0,0,0,0,0,0,0,0,0,0,0,0,0,0,0,0,0,0,0,0,0,0,0,0,0,0,0,0,0,0,0,0,0,0,0,0,0,0,0,0,0,0,0,0
324,25.9633,35.5054,12.7396,15.2061,17.8126,13.0805,15.252,16.421,21.1925,16.4983,22.7792,31.4249,36.5143,22.9666,23.8413,18.783,19.922,23.5009,25.273,31.0396,54.1015,114.038,386.13,1218.8,2734.73,3725.83,3331.94,2045.01,736.35,219.816,83.6996,74.5626,81.0928,89.3371,87.686,94.4382,104.113,146.794,0,0,0,0,0,0,0,0,0,0,0,0,0,0,0,0,0,0,0,0,0,0,0,0,0,0,0,0,0,0,0,0,0,0,0,0,0,0,0,0,0,0,0,0,0,0,0,0,0,0,0,0,0,0,0,0,0,0,0,0,0,0,0,0,0,0,0,0
326,25.5497,36.2246,21.9551,12.8578,16.8109,13.5334,11.6116,17.8599,18.4002,13.9219,20.3084,29.2363,32.3057,33.5662,26.2239,21.531,18.5334,16.3535,21.9651,22.4547,30.0178,61.9235,138.577,450.555,1420.2,2777.53,3517.62,2950.95,1535.74,573.401,157.502,75.5647,71.1164,76.351,82.0233,84.5985,83.9407,97.5994,137.929,0,0,0,0,0,0,0,0,0,0,0,0,0,0,0,0,0,0,0,0,0,0,0,0,0,0,0,0,0,0,0,0,0,0,0,0,0,0,0,0,0,0,0,0,0,0,0,0,0,0,0,0,0,0,0,0,0,0,0,0,0,0,0,0,0,0,0
328,25.1573,33.1048,19.5588,7.50543,11.9912,15.4322,7.92242,20.2288,13.7478,21.6994,16.9472,26.0271,24.2589,38.7393,27.2439,24.4136,18.4764,16.6395,18.0886,16.3353,21.5296,36.0822,67.193,156.102,531.494,1498.72,2764.99,3251.69,2469.13,1283.07,441.434,129.611,66.2569,63.1409,68.5448,76.2288,75.9943,78.0196,96.8579,132.319,0,0,0,0,0,0,0,0,0,0,0,0,0,0,0,0,0,0,0,0,0,0,0,0,0,0,0,0,0,0,0,0,0,0,0,0,0,0,0,0,0,0,0,0,0,0,0,0,0,0,0,0,0,0,0,0,0,0,0,0,0,0,0,0,0,0
330,24.5069,33.4636,17.2253,11.6487,8.83807,17.1713,8.388,13.8523,10.8549,20.3127,14.6223,21.7538,14.7498,28.4389,24.3209,27.2266,16.7238,15.2803,14.5337,15.2989,17.5488,27.0652,42.2762,74.2214,182.023,613.684,1649.68,2710.96,2959.5,2095.85,987.505,329.995,96.6482,59.7723,61.3864,66.4258,72.0001,76.3814,76.6945,94.2753,118.08,0,0,0,0,0,0,0,0,0,0,0,0,0,0,0,0,0,0,0,0,0,0,0,0,0,0,0,0,0,0,0,0,0,0,0,0,0,0,0,0,0,0,0,0,0,0,0,0,0,0,0,0,0,0,0,0,0,0,0,0,0,0,0,0,0
332,36.1061,27.2955,25.7808,19.2866,7.75438,15.7971,12.3834,6.14299,11.8931,11.5057,9.05336,16.3833,10.7019,16.3917,22.0102,26.6411,19.2742,14.2306,15.3451,16.7267,15.2573,23.5058,28.9716,42.3556,76.8657,211.456,723.062,1689.14,2689.35,2694.92,1751.16,783.268,236.408,76.8433,57.5941,57.1164,65.8333,68.5897,73.4313,74.1058,82.7682,118.326,0,0,0,0,0,0,0,0,0,0,0,0,0,0,0,0,0,0,0,0,0,0,0,0,0,0,0,0,0,0,0,0,0,0,0,0,0,0,0,0,0,0,0,0,0,0,0,0,0,0,0,0,0,0,0,0,0,0,0,0,0,0,0,0
334,42.7325,27.0699,26.2633,18.1511,12.5033,11.0485,13.1857,7.02968,10.9111,11.2417,8.47782,15.1858,11.4566,10.6155,19.889,22.4114,20.2249,15.1858,17.3496,14.8104,16.5431,21.4455,23.108,26.6945,47.1722,87.0815,267.357,789.342,1894.3,2646.54,2391.7,1469.68,582.912,177.581,63.3938,57.1742,53.7971,61.5376,66.9891,64.356,67.2365,82.9884,113.753,0,0,0,0,0,0,0,0,0,0,0,0,0,0,0,0,0,0,0,0,0,0,0,0,0,0,0,0,0,0,0,0,0,0,0,0,0,0,0,0,0,0,0,0,0,0,0,0,0,0,0,0,0,0,0,0,0,0,0,0,0,0,0
336,28.9558,30.2275,25.9183,21.1706,18.5512,10.2987,8.4555,8.51637,6.98549,8.8491,10.6501,13.1737,12.7777,11.7699,19.9523,20.1389,22.2646,17.9333,15.0048,13.4747,13.5387,15.1013,19.7907,20.1965,27.9725,45.9879,101.933,300.926,1010.23,1972.2,2527.77,2105.62,1171.73,451.151,129.231,58.987,46.4807,54.6634,62.6493,60.0169,57.8952,64.4455,78.1243,106.819,0,0,0,0,0,0,0,0,0,0,0,0,0,0,0,0,0,0,0,0,0,0,0,0,0,0,0,0,0,0,0,0,0,0,0,0,0,0,0,0,0,0,0,0,0,0,0,0,0,0,0,0,0,0,0,0,0,0,0,0,0,0
338,20.3686,25.855,20.2204,14.6856,16.1579,9.89297,12.5432,7.00043,8.00256,13.9703,7.88409,12.3352,9.53461,14.7054,14.8335,17.8562,21.4712,18.944,12.6338,12.435,11.981,11.2717,16.6056,13.8905,19.9469,26.5935,50.6566,116.358,411.634,1106.16,2039.65,2344.17,1813.07,942.916,328.132,94.1923,49.7555,44.9536,53.789,56.797,54.2664,55.6829,59.2062,72.2549,99.6595,0,0,0,0,0,0,0,0,0,0,0,0,0,0,0,0,0,0,0,0,0,0,0,0,0,0,0,0,0,0,0,0,0,0,0,0,0,0,0,0,0,0,0,0,0,0,0,0,0,0,0,0,0,0,0,0,0,0,0,0,0
340,25.6797,21.3944,13.7728,12.9463,9.92009,11.0415,11.9615,8.94878,9.13325,9.34867,5.12092,10.7366,11.4676,8.54857,8.45755,16.5859,16.2261,19.2514,16.8477,15.1631,14.2417,10.8773,11.7204,12.9893,16.2153,18.7995,29.2425,57.9947,140.479,461.965,1228.88,1977.2,2152.3,1574.29,762.702,255.387,80.9553,42.6651,44.33,50.1353,51.6837,48.6532,50.3796,59.3688,70.5196,99.2275,0,0,0,0,0,0,0,0,0,0,0,0,0,0,0,0,0,0,0,0,0,0,0,0,0,0,0,0,0,0,0,0,0,0,0,0,0,0,0,0,0,0,0,0,0,0,0,0,0,0,0,0,0,0,0,0,0,0,0,0
342,26.4396,26.6076,9.81785,10.5878,12.4107,9.03567,4.57157,8.87056,8.6877,11.1504,7.26357,10.7586,9.19836,5.52641,9.09729,13.3408,10.2954,15.7533,18.1904,17.6699,11.6609,9.09117,11.563,14.755,10.5929,13.8998,17.4924,30.9066,66.7492,189.313,580.051,1310.71,1988.87,1990.81,1306.98,578.08,180.571,59.0852,38.0182,42.185,46.2334,47.0206,47.2812,52.1148,54.6473,70.9165,94.5101,0,0,0,0,0,0,0,0,0,0,0,0,0,0,0,0,0,0,0,0,0,0,0,0,0,0,0,0,0,0,0,0,0,0,0,0,0,0,0,0,0,0,0,0,0,0,0,0,0,0,0,0,0,0,0,0,0,0,0
344,19.7024,22.3686,11.0955,8.60632,13.9962,8.77383,7.25761,10.0062,7.67165,8.45616,8.70781,11.4771,6.41811,4.27596,10.0006,10.7923,9.73982,10.7281,14.7861,17.3661,13.6487,9.36763,11.6434,12.7572,10.9846,12.0604,13.7895,17.9668,36.4278,78.7313,198.438,634.307,1384.25,1964.76,1792.71,1100.43,448.312,134.204,43.8029,36.9882,38.3405,41.9236,46.2959,46.6028,46.6303,52.2163,62.4623,91.0369,0,0,0,0,0,0,0,0,0,0,0,0,0,0,0,0,0,0,0,0,0,0,0,0,0,0,0,0,0,0,0,0,0,0,0,0,0,0,0,0,0,0,0,0,0,0,0,0,0,0,0,0,0,0,0,0,0,0
346,17.2268,9.09469,11.3975,7.1234,13.747,11.6997,10.1362,14.1701,5.08358,5.64096,9.15206,13.1071,4.48925,5.26349,11.2483,13.0204,10.7419,8.75487,10.4788,15.5792,14.8072,13.9234,11.1321,9.77243,10.2872,10.9491,12.5072,14.9902,22.1447,42.1672,78.5708,253.131,734.267,1476.83,1887.04,1598.01,872.523,338.717,91.853,35.282,30.5768,36.4005,39.8533,44.7734,48.7236,47.477,51.7135,66.6012,93.1632,0,0,0,0,0,0,0,0,0,0,0,0,0,0,0,0,0,0,0,0,0,0,0,0,0,0,0,0,0,0,0,0,0,0,0,0,0,0,0,0,0,0,0,0,0,0,0,0,0,0,0,0,0,0,0,0,0
348,17.643,2.92867,11.6677,15.1054,10.7845,8.63721,14.5816,12.6557,8.11345,8.59501,9.89645,9.62419,5.57584,5.31177,13.2952,12.3907,7.4908,8.70845,10.1641,13.9883,16.4186,16.4825,12.1981,10.0943,8.45867,10.1416,10.5737,12.3111,16.2552,23.448,41.67,96.6192,311.7,846.977,1549.51,1800.41,1362.9,700.238,241.461,59.2662,31.4406,29.8637,35.41,37.7108,43.7846,47.8635,45.7833,53.7283,63.723,97.2862,0,0,0,0,0,0,0,0,0,0,0,0,0,0,0,0,0,0,0,0,0,0,0,0,0,0,0,0,0,0,0,0,0,0,0,0,0,0,0,0,0,0,0,0,0,0,0,0,0,0,0,0,0,0,0,0
350,24.0618,2.7758,5.44741,22.3134,5.12024,0.156416,10.28,9.91866,8.52785,5.96202,8.02621,5.13738,10.0985,5.81636,11.283,8.04294,6.2549,6.37999,10.5523,10.5476,14.3801,14.7502,12.2609,10.6251,7.91983,11.8452,9.42579,12.1571,13.6293,15.593,24.8203,50.8261,119.826,382.073,968.365,1557.52,1639.57,1150.6,544.755,159.137,50.411,27.8253,31.0486,31.1359,39.1884,46.0586,43.5133,45.2398,49.6443,63.7427,96.2913,0,0,0,0,0,0,0,0,0,0,0,0,0,0,0,0,0,0,0,0,0,0,0,0,0,0,0,0,0,0,0,0,0,0,0,0,0,0,0,0,0,0,0,0,0,0,0,0,0,0,0,0,0,0,0
352,29.3988,13.4251,7.24102,12.015,6.20248,0.953647,3.38953,8.76322,4.57573,3.47944,6.49928,3.75354,8.58027,4.56136,15.5984,6.37371,6.84119,6.28413,8.23531,10.58,11.2556,13.3476,14.115,11.5767,10.8601,11.4125,8.83225,11.3155,11.0831,12.6546,15.0719,28.7942,50.4094,136.971,439.303,1020.05,1548.11,1496.92,977.809,387.661,127.402,36.3078,25.111,30.2698,33.1147,38.58,42.1245,41.3975,44.3139,46.8327,67.0447,89.6434,0,0,0,0,0,0,0,0,0,0,0,0,0,0,0,0,0,0,0,0,0,0,0,0,0,0,0,0,0,0,0,0,0,0,0,0,0,0,0,0,0,0,0,0,0,0,0,0,0,0,0,0,0,0
354,29.5935,18.2376,17.1024,6.67573,8.36203,3.23836,2.44342,4.60876,4.71828,5.37815,7.49186,5.19641,5.21972,2.28673,14.4235,4.38771,9.79797,7.40852,6.7871,9.40199,10.9998,11.5899,11.543,12.0763,9.4406,11.7207,8.54542,11.048,10.557,10.3575,11.3133,16.7053,30.8017,66.9442,172.856,529.828,1112.73,1509.57,1354.98,733.218,315.395,87.5074,32.9642,26.9959,26.963,29.614,39.5816,37.9733,44.3475,44.7685,49.3599,64.8002,87.5867,0,0,0,0,0,0,0,0,0,0,0,0,0,0,0,0,0,0,0,0,0,0,0,0,0,0,0,0,0,0,0,0,0,0,0,0,0,0,0,0,0,0,0,0,0,0,0,0,0,0,0,0,0
356,28.5025,10.1512,17.6196,12.9352,9.65463,5.10491,10.4966,1.80513,3.88314,6.44124,10.9916,3.91092,2.99547,4.68177,10.1989,7.63199,8.97018,8.57635,5.18117,7.47581,9.01252,11.7035,12.2643,13.2455,9.14647,11.2751,8.85132,9.42178,9.13225,10.6787,11.4021,12.6339,19.9068,37.5579,73.5022,214.071,607.271,1183.15,1470.57,1137.2,645.559,229.676,64.9263,25.6374,24.6126,30.9118,35.4703,37.2119,44.6027,42.2837,43.4087,48.7512,63.8214,88.0903,0,0,0,0,0,0,0,0,0,0,0,0,0,0,0,0,0,0,0,0,0,0,0,0,0,0,0,0,0,0,0,0,0,0,0,0,0,0,0,0,0,0,0,0,0,0,0,0,0,0,0,0
358,27.7998,5.36985,12.9201,17.0739,9.89346,4.3226,9.58673,6.32822,2.85021,7.03851,9.8885,6.70747,5.61087,5.06312,6.28717,10.0108,6.96234,7.74519,5.37004,5.07579,7.51293,10.5574,12.1534,14.0822,11.1768,10.1053,10.6284,8.59687,7.02281,8.6767,10.5381,10.6249,14.658,22.2183,39.6989,86.9567,262.914,690.564,1208.73,1374.21,1034.87,510.035,184.459,48.3243,25.8308,29.5655,31.2426,34.374,38.4491,41.3358,42.7339,41.7209,48.1909,63.6214,90.6195,0,0,0,0,0,0,0,0,0,0,0,0,0,0,0,0,0,0,0,0,0,0,0,0,0,0,0,0,0,0,0,0,0,0,0,0,0,0,0,0,0,0,0,0,0,0,0,0,0,0,0
360,21.0699,3.96453,5.40718,9.57129,11.6293,16.5444,4.73918,5.55069,5.61824,9.32614,6.11749,6.32348,7.03006,4.3767,5.59821,12.0239,8.53726,6.42786,6.90267,6.99161,6.42463,9.29391,11.3632,13.1311,12.9211,12.8619,9.11497,7.85969,7.25198,6.37323,8.57692,10.2763,12.6763,14.3534,24.0569,39.8141,103.279,304.615,758.711,1281.71,1306.95,898.065,420.373,141.681,42.5396,26.9165,25.1289,32.0359,32.3384,38.1785,40.6387,41.5545,41.3582,47.1219,67.0058,86.0802,0,0,0,0,0,0,0,0,0,0,0,0,0,0,0,0,0,0,0,0,0,0,0,0,0,0,0,0,0,0,0,0,0,0,0,0,0,0,0,0,0,0,0,0,0,0,0,0,0,0
362,12.8089,13.4177,4.46882,5.9277,12.0752,15.7437,8.50753,8.15759,6.16896,4.0671,4.70242,7.57104,4.80151,3.30353,7.33966,6.6721,7.66205,6.91855,9.71498,6.73972,7.9404,8.54867,10.1625,11.4428,12.8479,14.412,8.47708,7.18507,6.83823,6.86905,7.45069,8.81672,10.5101,9.85021,16.0968,23.0134,52.3557,122.485,378.018,918.867,1286.79,1206.86,761.494,345.786,114.234,35.9027,24.8541,26.3692,28.8887,33.9145,38.3397,39.2101,39.8973,39.0536,53.8631,65.5259,91.1933,0,0,0,0,0,0,0,0,0,0,0,0,0,0,0,0,0,0,0,0,0,0,0,0,0,0,0,0,0,0,0,0,0,0,0,0,0,0,0,0,0,0,0,0,0,0,0,0,0
364,17.6942,19.8645,8.63871,15.3252,5.56111,7.76508,11.1162,6.62173,3.02961,0.900652,3.6474,10.164,7.87498,3.03419,12.3713,4.9149,6.38602,6.66437,10.2424,7.89791,5.9811,7.81765,9.52433,9.80581,10.7659,14.2817,9.2102,7.77904,7.53146,8.63604,8.00291,7.83304,9.19898,8.97327,10.2958,15.7464,31.1603,56.3163,157.613,504.095,970.389,1269.9,1111.6,678.87,293,90.3663,33.951,22.647,25.2545,31.052,35.9162,38.9821,39.5674,39.7835,43.4745,51.4508,63.6381,81.9172,0,0,0,0,0,0,0,0,0,0,0,0,0,0,0,0,0,0,0,0,0,0,0,0,0,0,0,0,0,0,0,0,0,0,0,0,0,0,0,0,0,0,0,0,0,0,0,0
366,21.9234,19.3588,10.4464,18.2571,5.52174,5.26315,7.74528,7.11559,4.38344,2.72488,7.24683,10.4828,9.68201,5.23271,12.9641,7.64782,5.55866,7.53417,7.54406,6.47644,5.67797,5.66858,7.81706,8.07262,8.54922,11.0223,9.41311,10.1581,6.25138,9.10829,6.07075,7.49487,8.66234,9.63729,9.44748,11.0264,16.755,32.7337,69.1803,225.629,564.253,1043.6,1269.49,1018.08,582.484,228.712,77.2321,29.2302,23.1934,30.9405,31.9199,33.7638,40.4142,41.959,40.0798,41.7611,52.7492,63.4114,87.3866,0,0,0,0,0,0,0,0,0,0,0,0,0,0,0,0,0,0,0,0,0,0,0,0,0,0,0,0,0,0,0,0,0,0,0,0,0,0,0,0,0,0,0,0,0,0,0
368,20.9561,14.7395,7.65168,8.65808,6.3418,5.02629,8.71336,6.06556,6.37302,4.86064,6.89036,8.75194,10.9755,0.788763,8.21982,7.96655,5.08281,7.7696,9.47165,3.85191,8.77117,5.8378,8.683,7.23631,7.05454,9.5919,10.5601,12.7137,7.40125,8.53269,5.852,8.83573,8.17378,8.12757,9.56125,9.59904,11.2226,19.7306,37.6054,94.7932,238.465,629.835,1111.03,1226.76,959.701,519.952,207.817,65.9946,28.3859,25.6584,29.4638,31.7324,33.8464,41.2478,43.5057,40.9875,43.2502,49.6142,62.1945,87.1911,0,0,0,0,0,0,0,0,0,0,0,0,0,0,0,0,0,0,0,0,0,0,0,0,0,0,0,0,0,0,0,0,0,0,0,0,0,0,0,0,0,0,0,0,0,0
370,17.655,9.55059,8.62144,8.59451,5.21652,7.25852,9.00671,2.28452,7.33016,7.39045,5.02797,7.79058,9.09707,2.96448,4.96921,8.80362,3.57724,9.0887,10.3612,4.79531,10.7254,6.91886,9.43987,6.82642,6.5121,7.5493,9.95588,14.137,9.51483,9.06923,7.42765,10.0226,7.00063,7.08776,8.07023,9.52234,8.50739,12.0844,23.3749,49.0873,102.453,301.428,739.823,1149.12,1212.36,883.753,443.657,179.755,52.2266,24.6468,24.699,30.2499,30.4183,36.8288,42.6298,40.459,38.7885,42.0639,52.3708,66.4323,90.9408,0,0,0,0,0,0,0,0,0,0,0,0,0,0,0,0,0,0,0,0,0,0,0,0,0,0,0,0,0,0,0,0,0,0,0,0,0,0,0,0,0,0,0,0,0
372,15.0007,7.30611,10.6837,7.95339,2.68734,12.9972,2.84492,2.75909,10.1487,4.56942,7.54664,9.67462,6.76392,6.75555,8.1953,7.89084,3.49112,5.76393,9.50038,5.04501,5.51932,4.56299,7.48965,7.21156,6.73407,8.32615,8.55581,13.3349,10.8003,9.19717,8.89625,8.0063,6.55274,7.64767,7.34197,8.78719,8.03872,8.97011,13.9709,28.2973,49.4825,127.741,371.417,821.301,1189.82,1184.18,805.279,416.574,154.911,49.5216,25.1755,27.3033,27.3962,33.2436,37.8351,37.3783,40.1282,39.8902,45.428,49.929,66.2724,92.8907,0,0,0,0,0,0,0,0,0,0,0,0,0,0,0,0,0,0,0,0,0,0,0,0,0,0,0,0,0,0,0,0,0,0,0,0,0,0,0,0,0,0,0,0
374,17.5968,9.47955,8.35761,8.59867,5.03154,15.9531,2.27769,3.78594,9.34777,2.02529,8.89433,12.3087,5.52058,5.88696,11.1787,5.54225,5.69401,4.93154,8.3049,5.65243,3.92512,5.99637,8.06252,7.34485,6.80935,8.0671,7.45959,14.6101,9.23399,10.0679,8.98275,8.96738,6.14051,7.75762,6.74233,6.87379,9.29514,7.1537,10.0733,19.4083,29.8985,60.3789,152.219,443.942,917.904,1256.78,1165.66,757.946,366.33,131.413,40.1539,23.3512,23.6886,29.2878,31.9383,35.3365,40.6353,41.6315,41.5554,41.6568,51.1607,65.7566,93.8043,0,0,0,0,0,0,0,0,0,0,0,0,0,0,0,0,0,0,0,0,0,0,0,0,0,0,0,0,0,0,0,0,0,0,0,0,0,0,0,0,0,0,0
376,21.9363,4.55144,9.42735,12.6679,6.08947,11.8993,10.7284,7.07471,5.7491,6.06614,2.0265,12.9115,6.90514,6.09631,15.6486,5.10733,5.06953,7.69699,7.23426,5.30256,5.69017,5.75881,7.9452,7.66148,7.5881,7.00705,8.11058,11.8762,9.56122,10.9302,9.51387,9.11119,6.48084,7.37201,6.43373,6.03972,9.2958,6.79389,8.91448,15.0046,17.9386,34.7896,66.0239,191.375,549.749,1039.75,1316.43,1124.69,702.261,312.27,106.623,35.1903,20.9555,27.7294,30.3345,31.3746,35.9732,43.3373,40.778,41.8639,42.214,49.8447,67.8862,93.3411,0,0,0,0,0,0,0,0,0,0,0,0,0,0,0,0,0,0,0,0,0,0,0,0,0,0,0,0,0,0,0,0,0,0,0,0,0,0,0,0,0,0
378,25.7288,5.68875,16.4915,6.47652,6.19541,13.4575,12.4815,6.46202,6.43261,5.55176,-0.493558,11.3045,5.97636,8.02806,10.9301,8.79026,4.48012,9.21087,6.27192,4.43301,5.35609,7.78437,8.20265,6.71374,8.33545,6.56843,6.97589,9.4846,10.0381,11.6552,8.48437,8.98813,8.0599,7.59114,6.36758,6.51625,6.83194,4.53621,8.28233,11.3353,12.8106,20.802,36.4459,79.3261,250.461,643.599,1120.77,1305.77,1080.51,639.451,284.023,95.7822,32.4602,24.8522,27.4857,27.1813,31.3967,38.8352,38.7273,41.257,40.3849,38.795,52.7476,68.4437,91.1414,0,0,0,0,0,0,0,0,0,0,0,0,0,0,0,0,0,0,0,0,0,0,0,0,0,0,0,0,0,0,0,0,0,0,0,0,0,0,0,0,0
380,26.0607,5.45706,12.4307,7.01856,10.0739,13.5762,12.7307,5.34507,5.89398,3.91995,0.93159,7.96589,10.667,6.2715,5.84381,11.8028,4.46614,9.30056,4.07247,3.54795,4.66715,9.05187,7.09364,6.97266,7.34281,7.46311,8.17252,8.4152,9.06445,11.012,8.85962,9.88392,10.0162,8.46682,5.64286,7.0568,7.29564,4.70601,7.92425,8.25306,9.40859,12.9298,22.033,42.2232,100.276,308.035,744.342,1215.4,1342.99,1033.27,578.217,239.174,75.6707,29.1678,23.6599,23.6869,27.1694,34.1217,35.2135,41.4193,40.9216,35.8504,42.3898,54.7174,67.8366,85.9179,0,0,0,0,0,0,0,0,0,0,0,0,0,0,0,0,0,0,0,0,0,0,0,0,0,0,0,0,0,0,0,0,0,0,0,0,0,0,0,0
382,19.0709,8.27952,8.22968,5.25454,13.2744,12.4045,13.0281,6.43762,5.25664,8.95942,4.83981,8.4754,12.6152,2.59093,8.03253,10.2395,1.66049,5.05932,4.76149,3.73639,6.00167,6.73294,6.82313,7.7886,6.82446,9.0232,8.41325,8.80433,6.61649,9.90217,9.32645,11.6216,10.8039,8.82426,6.11957,6.34045,6.37424,6.32063,7.93644,5.81225,8.47213,9.34647,14.6135,26.8759,51.8076,130.089,397.692,866.968,1307.45,1324.84,961.893,513.134,194.164,58.7363,23.9564,23.3898,24.958,31.5377,33.2148,38.8496,40.6375,40.1031,37.8301,45.511,53.5519,64.7307,91.3871,0,0,0,0,0,0,0,0,0,0,0,0,0,0,0,0,0,0,0,0,0,0,0,0,0,0,0,0,0,0,0,0,0,0,0,0,0,0,0
384,17.7193,12.7655,8.23511,8.30176,11.6845,7.27712,13.6815,4.36647,2.3073,9.00628,5.30398,13.8606,9.49454,1.82261,8.75743,7.52195,1.73102,5.18731,4.80116,4.83382,4.91958,6.18855,8.85695,8.88359,6.67137,9.00627,8.30846,8.67262,6.46729,8.00186,9.2128,11.8876,10.4243,8.57635,6.36084,5.94862,5.28356,6.17388,6.99003,5.88373,8.28993,5.8322,7.22956,18.0747,31.0341,58.5387,169.764,464.159,986.513,1353.08,1318.32,915.22,457.911,170.557,49.7221,23.4529,22.7897,27.2385,30.4704,34.4947,39.4665,42.817,38.5251,40.325,42.2146,51.6693,66.8838,89.4514,0,0,0,0,0,0,0,0,0,0,0,0,0,0,0,0,0,0,0,0,0,0,0,0,0,0,0,0,0,0,0,0,0,0,0,0,0,0
386,25.4641,8.36157,4.76067,11.6343,7.05245,4.62022,10.4651,5.65035,1.64967,4.77934,5.94713,13.7886,5.93159,4.72271,8.64054,8.36728,3.6711,6.75042,4.51709,6.30941,5.45985,8.12016,9.44801,9.18404,6.1992,9.90956,7.10998,10.6991,7.1096,6.93959,9.44331,10.858,10.097,8.85302,7.9168,6.49012,4.61446,5.74036,6.96053,5.42312,8.04775,6.92866,5.94799,11.7029,16.5273,35.8086,69.7535,198.026,574.127,1100.35,1451.19,1292.47,847.991,387.751,128.32,38.5746,22.5328,22.208,26.3943,28.1039,34.0101,41.4218,40.281,39.1192,39.998,42.5051,50.8652,67.6064,86.8651,0,0,0,0,0,0,0,0,0,0,0,0,0,0,0,0,0,0,0,0,0,0,0,0,0,0,0,0,0,0,0,0,0,0,0,0,0
388,16.7863,4.23565,6.82006,9.57218,6.47116,2.52204,14.8826,0.819363,5.26331,8.14187,5.3576,8.52811,11.0783,6.2638,9.64453,5.92249,4.17955,4.77125,3.02003,8.12685,6.86157,8.01876,8.51013,7.85457,6.70395,10.6717,6.20657,11.4463,7.53609,8.14023,6.88441,11.2754,11.4823,9.74023,9.93587,5.97831,4.84273,5.07721,6.61145,5.4862,6.30397,8.64324,5.95406,9.12325,9.92419,23.8448,38.6761,82.1565,267.909,708.801,1253.36,1463.45,1242.86,737.243,308.296,94.7457,31.6435,20.9476,24.4815,24.9335,29.0823,37.8698,39.059,39.4009,39.4878,38.5897,43.4006,54.2564,63.7248,84.7808,0,0,0,0,0,0,0,0,0,0,0,0,0,0,0,0,0,0,0,0,0,0,0,0,0,0,0,0,0,0,0,0,0,0,0,0
390,13.5361,5.90853,9.00303,9.13106,10.0603,4.00766,15.4311,4.95669,5.89063,9.73687,5.38865,4.64903,11.3574,4.75373,11.7496,6.03067,5.11986,4.3799,7.24228,7.23497,5.08801,7.94743,9.24117,6.20088,8.78419,8.9303,5.5477,9.57206,8.13091,10.213,5.83296,10.1951,11.5688,10.341,10.3319,6.83148,5.34904,5.86825,6.99556,5.75635,4.44549,5.47016,6.1284,7.16158,7.69101,12.8685,25.3649,41.3239,104.479,336.797,815.902,1323.82,1477.71,1173.11,651.391,255.118,76.602,28.8287,22.5944,24.3991,28.4438,31.5485,34.7366,38.9582,39.7304,36.7669,37.8877,45.1162,47.9364,63.2216,88.3122,0,0,0,0,0,0,0,0,0,0,0,0,0,0,0,0,0,0,0,0,0,0,0,0,0,0,0,0,0,0,0,0,0,0,0
392,20.6759,4.48218,9.44901,7.20178,4.97018,0.0445802,8.94073,7.5138,6.89726,5.80564,5.10636,3.59908,8.6342,6.33961,11.2177,7.9161,5.48107,4.1084,9.59801,5.32235,5.44976,7.13807,8.68743,8.51098,8.97099,6.85682,8.62368,10.2419,8.41242,9.48214,6.37669,8.57084,9.86834,10.2541,11.2502,7.58682,7.36405,6.52425,7.05087,5.10688,4.01926,3.89747,4.23629,6.27049,8.46634,8.98839,18.3198,25.3463,53.8411,144.664,428.28,950.324,1397.47,1463.6,1063.96,545.539,198.126,66.8828,25.6839,20.6414,26.3396,29.9091,28.8718,34.6973,39.6029,37.5941,37.5016,39.3895,39.4609,48.3284,65.3541,76.6783,0,0,0,0,0,0,0,0,0,0,0,0,0,0,0,0,0,0,0,0,0,0,0,0,0,0,0,0,0,0,0,0,0,0
394,20.2007,5.53954,9.14184,4.90561,4.77256,-0.561987,5.14307,12.614,6.03739,2.9282,0.495879,3.51035,11.1026,5.05618,7.99135,9.77447,5.80473,3.4499,9.84823,5.09121,5.97346,8.48463,9.00445,8.38797,7.05857,8.47862,12.6431,10.5061,8.02301,8.32752,8.11547,9.30389,8.86422,9.6636,10.173,7.86139,7.93502,6.78748,6.00948,6.01924,4.61724,5.53095,3.35502,7.11467,7.56279,7.46361,11,17.1936,34.0539,63.5501,187.926,533.841,1050.03,1465.53,1411.1,944.753,446.512,173.928,51.4143,21.9574,23.9789,25.2354,25.8133,30.4521,35.1803,40.2454,38.7135,36.5909,37.5143,37.4049,50.5974,57.5069,80.0794,0,0,0,0,0,0,0,0,0,0,0,0,0,0,0,0,0,0,0,0,0,0,0,0,0,0,0,0,0,0,0,0,0
396,17.5075,2.94265,6.37579,0.386152,7.33222,0.982763,7.87444,10.219,5.05812,5.88985,-0.617084,8.13475,7.15717,3.71294,9.49985,10.1034,7.64462,3.76032,8.05652,3.8017,6.49933,8.29023,9.20427,7.51226,6.63927,9.0192,13.9707,9.94618,6.82534,9.22732,8.09071,11.1217,9.69786,8.54491,8.37231,8.92286,7.93376,8.77547,7.12504,5.69042,5.17331,4.79021,2.82318,6.17971,4.66222,6.52377,8.35824,12.2009,21.9266,36.7306,75.8885,229.916,619.937,1172.81,1517.57,1345.32,829.244,403.027,127.746,39.5826,22.1724,21.7803,24.182,26.7251,27.9634,36.3356,40.4699,37.6201,34.7275,32.7463,37.732,46.7366,60.9085,75.0089,0,0,0,0,0,0,0,0,0,0,0,0,0,0,0,0,0,0,0,0,0,0,0,0,0,0,0,0,0,0,0,0
398,19.6751,8.18643,6.38508,-3.22876,6.29713,7.63479,9.65418,5.55347,4.25305,5.1111,2.18914,9.36659,5.5657,5.86714,11.7929,10.2557,4.82032,5.27516,4.49708,5.64493,8.09028,8.9972,8.17407,6.63077,7.24106,7.38747,12.4284,11.1016,8.76724,8.5987,6.28062,9.6374,9.14532,7.90305,8.47384,8.83536,9.08349,8.49448,8.27523,5.99218,4.89425,4.26263,3.05779,4.7256,3.72101,6.20325,6.04335,7.93844,12.4859,24.7978,41.3652,98.8663,286.356,734.238,1292.81,1525.54,1241.48,770.439,317.806,107.085,34.0582,19.5756,22.35,23.0683,25.6128,30.1025,37.5685,38.4668,36.2931,33.5901,33.0059,37.7795,45.1614,56.4472,73.4951,0,0,0,0,0,0,0,0,0,0,0,0,0,0,0,0,0,0,0,0,0,0,0,0,0,0,0,0,0,0,0
400,20.4019,11.6438,10.1107,3.13327,4.38069,8.4026,6.56251,10.2885,0.467667,7.42748,5.2788,8.04995,4.13825,6.99661,11.0632,6.42343,5.72783,6.83848,4.59761,7.77597,6.75613,8.56953,10.3245,6.87895,6.33134,8.12819,10.03,11.9381,9.59098,8.76749,6.76977,8.51732,7.24089,7.75428,8.23481,7.9311,8.18,7.30679,8.95436,5.98883,4.71497,4.56123,2.24776,4.5753,4.25691,5.96197,4.47182,4.86003,8.42555,15.124,27.9203,52.2649,117.374,359.799,884.952,1390.47,1509.78,1173.95,636.07,255.255,81.0819,26.1466,20.0761,21.0122,23.0578,25.3448,31.0658,35.6992,37.8009,34.2945,32.0055,31.7833,35.6546,47.4528,56.4974,74.2766,0,0,0,0,0,0,0,0,0,0,0,0,0,0,0,0,0,0,0,0,0,0,0,0,0,0,0,0,0,0
402,18.436,9.68803,11.721,6.98133,3.8316,7.26469,7.76068,12.2375,2.16549,5.62502,7.96508,10.8209,2.39163,5.62181,11.3158,5.55718,7.94354,7.83461,4.99041,6.50005,8.29469,7.91392,9.27407,8.04488,6.68067,7.92479,8.27666,11.4994,10.1498,10.3211,7.62896,8.48279,7.08167,8.60555,8.18264,7.22944,7.69521,7.26598,8.5534,6.37966,5.44295,4.47557,2.63754,3.73913,3.50754,4.56613,4.51432,5.13373,5.69761,9.7022,18.6081,34.0841,58.2452,152.999,477.471,1029.97,1470.03,1451.4,1032.88,539.682,203.216,61.0167,23.7318,20.2429,22.0533,25.8325,27.5603,31.2568,36.1878,37.7292,33.6161,30.7039,30.5181,38.7227,46.1195,56.0869,72.6821,0,0,0,0,0,0,0,0,0,0,0,0,0,0,0,0,0,0,0,0,0,0,0,0,0,0,0,0,0
404,19.065,7.48485,9.00879,8.80641,6.79841,11.8696,6.87383,7.38156,2.6344,4.80732,9.01326,10.1148,3.32946,1.39061,12.3687,5.81169,6.43394,8.58532,6.79101,3.54051,6.61132,6.90992,9.40012,8.33646,6.91979,7.47033,8.52045,11.011,9.43726,10.5748,7.54367,7.72686,8.08743,8.39521,6.62076,7.52634,7.91464,8.82346,8.17241,7.24497,4.96144,4.3551,2.76167,3.06964,2.76393,3.64165,5.05161,5.27013,4.74405,7.81785,10.6368,22.3863,34.935,64.2931,194.744,589.811,1143.72,1476.3,1390.12,959.514,457.578,168.186,42.7392,21.7668,19.284,22.0827,24.232,28.0238,31.6001,39.0693,38.1031,33.0782,30.1384,30.4075,37.3299,42.516,55.0711,71.7804,0,0,0,0,0,0,0,0,0,0,0,0,0,0,0,0,0,0,0,0,0,0,0,0,0,0,0,0
406,15.0788,3.98234,12.4163,8.8381,5.48457,6.76178,6.51088,3.00596,4.39395,6.38493,8.85776,9.37888,5.89746,2.34481,12.4227,4.55704,7.34423,7.21108,6.84092,4.00132,7.63054,6.05949,8.64108,9.58382,5.60786,6.86399,8.06207,10.7426,8.5841,8.45624,9.63496,8.3876,10.0127,8.91164,5.65601,6.84157,5.78295,8.94828,8.97148,8.40603,4.19476,4.69971,2.11499,2.46837,3.64039,3.31802,5.0738,4.59759,3.64984,6.05889,7.11307,14.1118,23.2127,37.69,80.5316,277.306,721.255,1220.34,1507.37,1312.47,813.267,368.378,116.279,37.3379,18.7046,17.6125,21.9259,27.2393,25.7231,33.6334,41.6431,40.3136,32.6052,27.8006,30.3102,35.0026,43.2751,55.9302,66.2192,0,0,0,0,0,0,0,0,0,0,0,0,0,0,0,0,0,0,0,0,0,0,0,0,0,0,0
408,13.2849,11.4706,6.72173,9.79306,4.32359,0.321966,12.9631,4.47179,8.05859,5.45305,7.64761,6.918,5.11006,3.90619,10.1742,9.90026,5.95633,6.11936,8.63704,6.00581,8.0581,7.28744,5.72476,8.65309,6.52823,5.28434,7.26538,10.4917,10.2161,6.05412,11.4465,9.37286,9.45606,9.59305,6.95785,7.75924,4.85357,8.20893,8.24964,8.7252,5.31967,5.71844,2.66225,2.07742,3.00175,2.20875,4.28937,3.82718,3.74885,5.86584,5.27505,7.7351,14.42,26.6255,41.6544,108.703,343.966,790.98,1336.05,1498.42,1229.27,721.505,302.12,96.7217,28.7308,17.5055,18.4273,26.4706,21.6589,26.0837,37.0637,44.3094,39.6982,30.2814,27.9111,29.7437,34.5213,43.9437,51.9485,65.0723,0,0,0,0,0,0,0,0,0,0,0,0,0,0,0,0,0,0,0,0,0,0,0,0,0,0
410,11.1753,16.6036,11.9764,8.10058,3.27584,-3.42644,14.4924,4.55279,8.26604,4.92803,8.25339,4.43279,4.45806,6.52313,9.02388,10.0639,4.90087,6.65015,8.25793,5.43994,6.24177,8.39984,6.12649,7.89822,6.61107,5.85336,6.06635,9.41179,10.5977,5.70798,9.73564,9.52732,7.95793,8.47596,6.20518,9.76152,3.84614,6.81987,7.61485,7.87647,6.79027,5.23753,2.92727,3.57853,1.78402,2.1346,3.22152,3.71769,3.55862,5.10602,6.31184,4.86811,10.1803,17.7339,28.3334,53.5785,153.988,420.309,963.155,1399.63,1473.51,1115.82,593.454,239.834,65.343,24.4424,17.8422,22.8373,20.7951,21.9548,28.5386,41.2111,45.1064,39.1436,32.8454,30.0323,29.2312,34.3352,41.562,49.1779,60.7161,0,0,0,0,0,0,0,0,0,0,0,0,0,0,0,0,0,0,0,0,0,0,0,0,0
412,18.7321,18.7098,15.7052,4.59103,3.5278,3.14147,7.5835,8.63289,6.7079,4.05078,8.42982,3.04679,3.69941,4.07608,9.8298,6.53631,8.49043,6.21166,5.2561,9.56397,6.73281,5.26871,6.91962,6.46321,5.77637,8.85938,5.71915,10.9291,7.44466,9.28491,6.9636,8.48857,9.13987,7.39088,6.53168,8.43844,4.87541,5.31277,6.85008,4.97411,6.39194,4.92523,4.57378,4.91309,3.5664,3.44679,3.07065,3.2542,3.50056,3.45081,5.91067,4.52638,6.61476,10.2786,19.3668,32.0984,66.5108,172.851,527.593,1053.26,1451.07,1418.79,994.085,508.826,180.664,54.6917,21.7806,17.8404,19.4856,20.0993,22.4926,33.1184,43.6132,47.3771,42.3468,31.9925,27.1331,27.0616,32.1746,41.2003,48.4338,60.1977,0,0,0,0,0,0,0,0,0,0,0,0,0,0,0,0,0,0,0,0,0,0,0,0
414,21.6821,11.898,14.4599,5.47729,6.88519,11.4061,6.00064,9.46327,1.96719,5.18637,7.6357,8.07792,5.30001,3.82046,11.942,7.67492,9.98731,6.7577,6.00667,10.9139,6.92977,4.40651,10.4195,7.27504,6.65186,9.6778,5.12519,11.0106,6.86948,8.86927,6.05546,8.9223,8.88099,7.81326,6.63046,6.07715,4.17118,5.05954,5.26347,4.15633,5.65483,4.0654,5.65603,5.2603,4.40755,3.47457,3.13883,3.50487,2.75674,3.11383,5.00573,4.85252,5.24501,6.58047,11.3829,21.8811,37.2071,77.0365,241.779,639.995,1170.73,1477.24,1328.95,848.551,388.13,133.534,42.4142,19.7594,15.5626,20.1807,19.1205,25.2327,35.2178,51.0414,50.8319,43.7826,33.0499,25.036,25.4512,32.1683,39.5991,47.3577,57.1482,0,0,0,0,0,0,0,0,0,0,0,0,0,0,0,0,0,0,0,0,0,0,0
416,16.4081,4.32687,9.80798,4.59534,4.39304,12.0213,7.93806,8.45189,4.08942,3.80203,6.23085,12.4224,5.75579,6.11772,10.9831,9.24905,6.41306,4.80915,7.74608,7.38171,10.432,5.89295,10.7616,8.86885,10.6474,8.39178,8.02814,8.50276,8.28878,8.05389,6.1233,8.54743,7.10492,8.70149,7.12673,5.90743,3.65006,5.7593,6.46632,4.77141,6.79191,4.89337,4.96328,5.52283,4.50171,3.78516,3.31891,2.48974,2.31969,2.58356,4.14146,4.49393,3.49199,5.1468,8.31825,13.175,25.3,41.2521,95.0123,291.062,729.672,1248.64,1455.9,1210.66,725.813,324.09,109.237,33.2597,15.5362,17.0975,17.7683,20.6887,26.2183,42.1961,51.3586,57.8643,46.5146,27.9181,23.9901,24.8407,30.6552,36.819,45.3327,56.3852,0,0,0,0,0,0,0,0,0,0,0,0,0,0,0,0,0,0,0,0,0,0
418,13.5788,0.279115,7.99309,11.6574,7.74941,9.60443,10.5575,5.31292,3.56287,2.88615,6.42968,12.3634,5.81498,2.68498,11.2583,7.687,7.10521,7.2316,7.3452,7.5235,6.60728,7.17448,11.0462,7.25799,11.3619,6.6517,9.63742,8.19911,6.34108,7.76578,8.19295,7.92859,8.28057,8.20137,6.20468,6.30784,3.24829,5.18122,6.13064,5.01281,5.59233,5.4577,4.16101,5.06868,4.81535,3.93965,3.75822,1.34285,2.44173,2.15646,3.6097,3.56261,4.45418,5.16099,6.74128,8.80878,18.529,28.013,49.788,125.128,379.616,860.642,1294.65,1420.41,1075.41,611.221,259.167,77.3357,24.6338,14.6446,15.8783,19.1501,20.6583,28.9707,41.9131,60.0681,58.5771,38.934,29.2036,23.4578,25.1312,29.4615,37.0444,44.1657,55.9022,0,0,0,0,0,0,0,0,0,0,0,0,0,0,0,0,0,0,0,0,0
420,15.8201,6.64764,14.8198,14.1516,3.57394,8.49467,7.40113,5.90243,7.07792,4.3469,3.92549,9.52171,5.93218,1.20341,11.0811,5.79743,9.15871,8.93397,6.99049,7.27655,3.33405,8.66215,8.57998,8.00627,9.17104,7.73964,8.41752,8.13332,5.15315,8.18717,8.88885,6.92498,7.75457,7.08322,5.87281,7.29053,3.42265,5.05461,5.73379,3.83661,3.98738,4.76685,3.79254,6.24141,4.35745,4.05088,3.46128,1.82175,2.40227,1.93036,3.2834,3.28744,4.4141,4.90517,5.29491,6.07608,12.3025,17.6593,34.4034,55.059,155.973,469.114,944.486,1364.56,1336.8,955.86,510.603,186.91,57.4934,19.5253,12.9323,16.6588,15.8048,21.3761,29.2336,50.4918,62.1853,54.3339,40.3139,27.6992,22.2525,24.7281,29.7132,36.2151,46.0059,53.3336,0,0,0,0,0,0,0,0,0,0,0,0,0,0,0,0,0,0,0,0
422,17.2198,8.29115,16.9667,9.77838,8.22663,3.98897,4.92215,11.2769,8.03583,6.9097,7.29885,5.36468,6.00541,4.46964,10.5523,5.13575,8.32967,7.73958,4.50959,6.9312,4.6918,9.50389,7.68537,8.36578,9.02185,8.47445,7.64414,7.93241,6.53333,8.3544,7.97326,7.17334,8.23966,6.69511,5.90409,6.42846,4.58724,6.02272,6.81507,3.21534,4.50081,4.3478,3.78381,5.90549,4.63941,4.88156,4.39531,3.03176,2.54158,2.98402,2.5402,2.67211,2.12442,4.08216,3.65827,4.93273,8.22837,9.98501,23.384,34.1727,67.4551,210.788,561.29,1047.92,1359.58,1248.56,833.398,389.475,146.891,44.2573,14.9978,13.7128,14.1253,18.2192,21.6044,36.0665,52.4084,64.6101,56.2707,39.291,26.004,22.7155,24.553,31.016,37.9091,43.2306,52.6861,0,0,0,0,0,0,0,0,0,0,0,0,0,0,0,0,0,0,0
424,23.84,7.8301,8.1312,7.81153,12.095,2.63027,5.26822,9.85367,10.7938,7.56384,8.17716,2.58053,4.54497,7.44654,11.4008,7.79028,8.17902,5.12336,2.9089,6.75702,8.49023,8.92593,6.84942,10.036,8.11673,7.22303,8.62692,9.1822,8.18431,6.93781,7.28785,8.22575,8.10994,6.42593,6.21448,5.82835,4.02089,6.30162,5.07409,3.50484,4.18277,2.73225,3.41288,5.13558,4.21165,4.41441,4.87488,3.57438,2.68391,4.29121,1.71395,2.5872,2.19961,3.63713,3.29034,3.66372,5.66684,6.63917,14.5096,22.4992,35.2072,83.2184,266.554,645.32,1136.69,1339.96,1144.42,689.601,316.014,110.925,28.0047,13.7948,12.8757,15.5135,18.1829,23.3958,36.0481,59.7109,68.6422,55.1935,37.7026,24.9247,21.4569,25.8229,29.4068,35.035,40.4411,50.7825,0,0,0,0,0,0,0,0,0,0,0,0,0,0,0,0,0,0
426,24.098,5.79504,13.3947,8.17806,8.90704,6.51297,7.00472,8.70004,12.5498,5.61002,7.09254,7.96447,5.39062,8.8626,12.5008,8.66924,4.78413,5.40855,4.81438,8.30968,9.43545,7.00241,7.90368,10.138,7.83783,9.22395,9.46416,7.87057,8.52745,7.37959,6.26136,6.96408,6.45397,7.15598,5.87241,5.40659,3.20029,5.13408,4.89535,3.47071,2.47849,3.20419,3.59048,4.67721,4.2627,4.48316,3.46278,2.62134,2.80273,4.46012,1.36455,3.26042,2.61046,3.93772,3.14394,3.11056,5.31951,6.70997,8.58176,15.0988,24.9931,43.2359,109.816,326.334,769.995,1186.73,1292.5,1012.03,587.171,252.803,75.8897,23.5816,13.1235,13.5466,15.7883,17.7224,23.5891,41.6124,64.3296,64.0716,53.2648,35.9472,22.9933,21.8685,21.364,29.4897,33.7407,40.6505,49.5036,0,0,0,0,0,0,0,0,0,0,0,0,0,0,0,0,0
428,26.3587,7.64478,31.5474,7.23868,7.94752,6.3032,2.72561,4.83563,14.7056,4.05178,5.72135,7.87293,6.98496,8.31727,10.8549,12.2341,3.64228,2.47878,5.07415,9.17619,4.86226,7.65881,8.77073,7.39672,6.06113,9.58782,9.86526,7.33447,8.0226,7.96205,5.81406,5.33275,5.58588,7.07998,5.0335,5.92267,3.53737,4.30159,5.25745,2.58832,2.22687,3.46099,3.35533,4.8295,3.9225,6.02604,3.71239,2.61583,2.6531,3.67038,0.258712,3.24478,2.27268,2.27998,2.75542,3.00801,4.51993,5.90289,6.71478,10.0383,17.1097,28.6777,51.736,143.157,423.146,873.741,1222.31,1223.45,889.514,477.752,170.832,57.7533,19.9616,11.9388,13.2279,14.6424,17.9793,25.5472,46.145,62.7962,68.5585,52.4116,32.052,21.9479,18.2053,23.5057,26.5625,33.6778,38.3059,49.6171,0,0,0,0,0,0,0,0,0,0,0,0,0,0,0,0
430,17.4893,10.3511,30.6297,4.92046,6.02192,8.30654,3.99968,1.28122,15.1864,2.14565,4.32647,3.83325,7.04392,4.6979,7.71284,13.3232,4.67599,3.55082,4.95399,8.50119,5.59601,8.50452,7.54781,4.88737,5.71908,8.75148,9.76641,6.31105,7.55874,6.16906,6.25175,4.88201,5.77844,7.98819,4.43828,5.04524,3.49443,3.75608,5.19502,3.51111,2.04077,2.83947,2.23421,4.76905,3.26566,5.19785,4.10981,2.53787,3.30523,4.88449,0.919506,1.81892,1.97204,2.72139,2.53563,2.60443,3.44281,4.75251,4.55486,6.62652,11.0893,20.0432,31.5153,61.074,189.274,513.249,934.662,1216.07,1128.56,765.776,358.3,145.336,43.6109,16.7764,12.1805,12.5518,15.3094,17.2872,27.0185,49.6719,69.8005,68.3114,52.9205,30.4582,19.5409,19.4436,20.5644,27.4643,32.4779,38.021,48.4018,0,0,0,0,0,0,0,0,0,0,0,0,0,0,0
432,9.57516,7.39804,29.0375,6.02595,8.87516,5.39003,4.47543,4.85346,13.0888,-2.1717,1.88391,3.07327,6.29118,2.12922,8.63473,11.2276,5.68017,7.96025,5.65683,7.8276,8.7714,8.09428,8.49199,6.97316,6.12463,7.89461,10.4301,7.05765,6.90438,6.68855,5.62894,4.74185,5.73483,6.35262,5.30913,4.33189,3.00887,3.99585,5.87363,3.83822,2.36789,2.7943,2.93782,6.08003,3.5279,2.95174,3.80588,3.31355,3.4983,5.30305,1.02667,1.09703,2.46869,3.18546,2.492,1.74927,3.91901,4.0904,3.00941,4.54358,7.22896,13.7763,20.2465,34.846,81.6389,239.335,592.662,1010.55,1197.86,1029.4,610.798,300.3,106.35,31.1725,12.5904,10.888,13.0001,13.6909,18.8556,30.0667,51.7769,73.7277,68.8369,47.5054,26.8614,20.393,18.4036,22.1716,27.0837,32.5032,37.193,47.3767,0,0,0,0,0,0,0,0,0,0,0,0,0,0
434,14.7066,7.17547,22.6757,6.29919,10.1321,4.8041,8.84087,3.3378,9.86868,0.083378,1.684,4.2353,3.86213,2.95321,14.9238,10.7677,5.61882,10.6802,3.97504,7.24333,5.28635,6.77689,9.53578,7.90108,7.98617,6.58558,8.90081,8.31589,5.886,6.5104,3.61295,5.2481,5.52929,6.66263,6.56911,3.50554,3.76094,4.61819,5.21688,4.76758,1.57649,2.27789,3.15564,4.83537,1.70794,4.97477,3.00619,3.33868,3.54652,5.68946,1.26657,1.63889,2.42444,2.63739,2.25085,1.68693,3.07303,4.1393,3.10734,4.28029,4.45437,8.23597,13.2486,23.9796,40.6308,95.152,290.732,674.368,1038.43,1151.97,883.805,535.564,230.659,73.252,21.9895,11.7993,10.4044,11.0996,15.3648,17.6269,31.0705,59.7508,73.5437,68.8111,42.9436,27.3778,19.3605,19.4868,21.6147,26.3373,28.5159,35.4367,47.2358,0,0,0,0,0,0,0,0,0,0,0,0,0
436,15.5892,4.88029,20.0608,7.46457,8.67268,8.00577,17.1905,1.58347,1.46135,-0.417688,0.566616,2.71679,7.77123,2.28642,12.5591,9.16882,3.90117,10.1965,3.76561,4.70045,3.58344,8.96704,7.10278,6.95362,8.12295,6.10532,8.22001,8.23787,5.01513,5.81647,3.88367,5.3463,6.59049,5.43926,6.48212,3.19987,3.3138,5.13423,4.60098,3.97921,1.7835,2.50766,2.33598,3.28374,0.969139,4.20714,2.59998,2.82229,5.10589,4.68181,2.39565,1.51733,1.52929,1.94662,1.44846,2.07406,1.38452,4.01821,2.6879,4.2107,3.52262,5.76622,10.8916,15.7971,28.5019,47.331,119.972,370.305,742.292,1054.91,1056.21,793.045,438.146,172.463,55.3458,19.8073,9.92973,10.4062,11.9161,14.5836,20.3758,38.3798,62.0084,76.0951,61.8719,42.2664,23.6723,18.5792,17.2145,20.2047,22.6326,27.8745,36.1504,40.6671,0,0,0,0,0,0,0,0,0,0,0,0
438,9.71868,4.17261,16.3662,11.232,12.9742,15.2659,22.7077,5.96341,2.99339,-0.633072,2.37811,2.76664,7.27868,1.08904,10.2055,8.09716,5.46583,11.3812,5.72173,5.2134,4.73794,8.71425,5.50529,6.40209,5.28031,6.66806,6.48226,8.19384,5.03425,6.51029,5.36069,5.38951,6.25354,4.34106,5.65434,4.09889,2.54501,4.77761,4.54844,3.07861,2.31158,2.74526,2.17094,2.81836,1.38982,4.47567,2.8969,3.48525,4.24219,3.86826,2.85387,2.20029,1.15632,1.49302,0.890596,3.18083,1.08775,2.70827,2.32924,3.85647,2.93638,4.44044,7.6368,10.686,21.2774,31.2779,53.8353,167.113,429.073,812.653,1066.37,984.563,683.896,339.897,127.054,40.1963,14.4028,10.0748,9.82779,12.9775,14.2961,21.5109,42.1489,65.8371,73.4878,62.5745,35.9648,21.6612,16.7948,16.4086,19.3793,23.9418,29.2216,32.7183,43.5096,0,0,0,0,0,0,0,0,0,0,0
440,7.04966,12.5174,18.6529,6.83153,14.214,14.9784,19.9147,8.54551,6.86125,3.05777,5.40669,4.76454,7.79491,1.59339,6.90737,6.63426,6.87901,11.3116,1.7737,6.68068,6.68544,7.51759,3.99936,6.90613,3.70134,6.38923,6.03715,6.21253,5.03398,6.25901,6.64253,4.68314,5.65741,5.37233,6.02846,4.88447,3.91027,4.92158,4.03384,2.93198,2.58033,2.95508,1.64571,1.93014,1.56608,3.45574,3.2952,2.63028,3.21191,4.08049,2.77687,2.38319,1.3866,1.91186,1.21614,2.96533,1.21204,2.52565,2.01877,3.66816,2.58614,4.19179,4.89594,7.99611,14.431,21.3207,31.5818,66.9404,197.123,492.947,880.524,1029.96,896.807,565.497,271.586,99.9886,30.7429,11.1292,8.74698,10.9024,11.737,14.7318,23.3542,45.9492,67.3373,76.5254,56.5924,33.9895,19.2528,15.0057,16.6859,19.5725,24.9139,26.3342,32.5513,40.8993,0,0,0,0,0,0,0,0,0,0
442,7.75654,7.28271,21.322,0.989801,10.4359,13.2819,18.6048,9.71655,8.72739,4.04686,7.82089,6.41259,7.28071,2.30468,9.38664,4.70956,6.51838,5.54511,3.01012,7.52236,8.24169,6.49851,3.32511,5.68609,4.04001,6.3266,5.73331,5.56625,5.95563,5.47983,6.00565,3.85982,5.3053,4.62928,5.21058,4.0156,4.18859,4.42656,4.72242,2.32803,2.60185,2.59875,2.39056,1.68758,1.98641,2.2396,3.62493,2.51266,3.7748,4.42247,2.86041,2.51738,3.05658,2.74632,2.13062,2.53916,2.0721,2.41811,2.54494,2.71785,2.78799,4.02159,3.86791,5.4523,8.91753,15.3042,24.4742,35.6407,82.6257,243.859,589.466,891.566,967.416,778.422,471.279,215.104,75.5209,20.702,9.83939,8.39353,10.4876,12.8854,14.17,28.7352,44.9827,71.128,72.0268,52.68,28.8299,17.8795,14.3989,16.4397,19.8529,21.5139,26.9908,30.9416,39.9093,0,0,0,0,0,0,0,0,0
444,7.53072,1.21123,26.2159,0.999567,9.50465,6.02898,16.6388,10.5309,9.75576,3.81024,7.9412,7.11405,6.20955,2.99013,10.9827,5.94473,6.75097,5.68944,4.70836,8.49002,6.54043,5.63139,3.42997,6.05409,5.03114,5.73477,5.05593,5.8233,6.11966,6.21774,5.24377,3.13096,4.80266,3.62304,3.74972,2.47188,3.93139,4.15555,4.36638,1.95873,2.42127,2.77626,2.09586,3.05653,1.80518,2.63356,2.64208,2.10987,4.66183,4.84533,3.21671,2.6874,3.16096,3.05439,2.76229,2.26207,3.05265,1.47587,2.63994,3.0029,1.49752,3.81869,4.37444,5.5501,5.99157,10.1383,18.478,25.7956,42.4898,103.634,326.021,639.926,892.47,916.164,684.335,381.999,159.528,49.9681,16.0559,9.44621,9.34036,9.88876,12.7991,16.2949,26.7704,49.9137,70.5762,69.3705,47.6341,27.7367,15.6341,14.1757,16.7801,17.141,22.4715,25.5673,32.4757,40.6351,0,0,0,0,0,0,0,0
446,9.38962,4.49436,26.6189,3.8921,11.4452,9.57625,13.5549,7.50564,5.55465,6.35605,7.34886,3.76165,6.08444,1.67952,12.4321,4.18839,4.56235,10.7796,6.45694,6.82063,6.63604,6.78812,3.92691,7.36689,7.12544,4.82121,4.65578,5.99994,4.96511,5.20485,4.22925,4.76844,4.8716,3.61681,3.51414,2.5779,2.91501,4.45302,5.53568,3.1291,1.62636,2.96862,0.952914,3.53645,1.66511,3.00112,1.76995,2.32069,3.17735,3.43313,3.12719,2.7731,2.50447,2.21486,2.98735,2.26173,2.87446,0.741939,2.09697,2.67352,2.2865,3.78938,4.50223,4.54318,4.3639,6.46903,11.4141,20.5992,27.1156,42.3343,146.323,365.884,681.63,912.132,846.889,594.673,314.45,118.572,38.4817,14.0503,9.11092,7.79802,9.45326,12.1722,15.7591,29.2319,51.9009,73.0749,66.2829,46.226,24.5369,14.6316,14.9134,13.7733,18.0535,22.4321,26.4981,30.7407,36.226,0,0,0,0,0,0,0
448,14.7593,7.45415,22.4532,5.20682,14.5843,12.7231,15.061,6.16181,2.92214,2.06656,6.78197,2.67659,7.25207,3.57801,11.9212,2.481,2.56891,10.4169,6.55783,6.88593,5.21606,6.21117,5.96658,5.56696,4.84562,6.64933,4.92072,4.85947,3.44316,3.90604,2.42833,5.53626,6.26479,4.296,3.55326,3.00055,2.07975,4.51491,4.58643,4.31662,1.5042,2.86588,0.139724,2.44483,1.43995,2.19201,2.97593,2.8902,2.67524,2.30759,2.69558,3.1726,3.93252,2.0849,2.95977,2.55291,2.02969,1.43581,1.76231,2.05169,2.63054,3.40727,3.44164,3.16605,3.52587,5.19814,7.13568,15.1448,19.6156,27.9881,67.066,177.569,433.816,752.133,874.973,765.721,506.522,234.185,93.6162,29.2242,11.222,7.58156,8.22502,9.90386,12.149,16.9699,31.2322,56.7305,69.4305,62.9607,40.302,22.3117,15.2874,13.7105,14.7697,17.3069,22.0633,26.0254,28.8037,35.2471,0,0,0,0,0,0
450,15.5504,7.17965,13.4001,5.6937,10.3846,4.79294,19.5111,3.5706,2.53123,0.933899,3.1614,1.36947,7.8604,6.2799,13.3234,4.55464,4.12819,6.44733,3.01798,7.69464,3.75819,6.78756,6.23105,5.16198,5.03733,7.17708,4.79771,4.2111,3.52648,3.67267,2.03611,4.98702,6.10094,4.74376,2.94161,3.35646,1.49101,4.62669,3.18613,3.18416,1.93326,1.61231,1.05744,2.01772,1.62647,2.69901,3.03054,2.31296,3.63085,2.57148,2.35286,3.70525,4.09925,2.60338,2.45018,3.20746,1.22823,2.17003,1.67556,1.44094,1.65115,2.80399,2.69022,3.21012,3.50641,3.08001,5.61825,10.2481,14.7552,20.5224,32.2089,73.6238,217.492,508.578,770.285,850.802,684.357,408.028,193.509,69.4534,22.8311,10.3924,7.75738,8.02491,11.2947,12.0303,16.5686,32.7026,55.946,69.886,59.6318,36.9267,21.4251,14.4283,12.7679,13.2689,18.3898,22.2662,25.9651,29.6556,35.2535,0,0,0,0,0
452,13.447,10.87,14.6573,5.00384,2.48996,-1.07056,12.3761,6.98109,-0.284974,6.74779,3.00099,3.16579,9.15859,7.60899,12.1038,8.6667,6.5393,4.43047,6.90773,9.10767,3.77786,7.37877,5.35007,5.45752,4.43531,6.09449,3.2476,3.5084,3.47447,3.13757,3.74447,3.93895,4.99543,5.34092,3.11223,3.90539,1.50985,5.16521,3.45249,3.28051,1.76065,1.19002,1.83417,2.61785,0.969631,1.85946,2.20424,1.54205,3.08515,2.16892,2.03091,3.74349,2.55545,3.71765,2.31778,4.12119,1.55422,1.86322,1.61271,1.68373,1.68393,1.63126,2.82492,3.2891,2.99741,3.24953,4.64484,6.11637,10.5461,14.1269,19.9933,34.8841,90.3106,280.871,563.765,782.416,797.644,600.649,348.312,155.114,54.3367,17.5849,8.7555,6.62803,9.44729,10.6901,11.2987,17.395,35.3399,59.5973,67.9851,56.0708,35.4925,19.8886,13.1541,12.7527,14.4462,16.816,20.8847,25.5807,26.1087,34.4281,0,0,0,0
454,12.686,10.7961,19.7271,4.13872,-0.287609,0.0716025,9.09807,8.04036,-1.71025,8.85372,4.41211,3.55636,8.52433,3.83421,9.85067,7.93003,5.95996,8.45925,8.72722,8.17902,7.12262,7.23037,7.21376,4.22109,4.82063,5.94277,4.87687,4.61148,4.20496,3.38125,4.28286,4.24401,4.91814,3.53308,4.61122,3.46341,2.19348,4.7582,4.06035,2.37325,1.98834,1.42776,2.03733,3.71862,0.830843,1.43443,1.56117,0.907361,2.28326,2.4237,2.06068,3.49338,2.79918,3.33384,2.53434,3.51065,2.08568,1.42781,1.45734,1.99903,1.38902,1.33104,2.11016,3.1134,2.67392,3.4413,3.96088,4.81055,7.55185,8.67348,14.6093,21.6354,39.4253,128.679,328.504,606.246,780.142,744.331,518.71,294.917,119.787,38.1949,13.856,7.64119,6.50778,8.90014,9.62251,12.0298,18.2387,36.526,60.4684,68.6571,55.1205,34.1197,16.7468,12.8728,11.6342,12.9628,15.5332,20.9402,22.5843,26.4633,30.8489,0,0,0
456,18.0342,7.37853,9.27448,3.6656,3.78271,1.06775,9.65084,5.72805,0.274263,5.49254,4.83751,3.2355,2.61503,2.13912,8.52085,8.30648,8.62888,8.14753,8.25549,4.92846,8.00336,7.17963,5.34922,5.80955,4.68617,5.04614,6.06835,4.88936,4.44633,4.2384,4.39829,4.7387,5.42573,3.76831,3.90696,2.49287,2.15628,3.72322,4.83196,1.73027,1.8193,2.09023,1.03011,3.20409,1.18263,2.45124,0.711112,0.679442,1.7734,2.72057,1.96235,3.94766,2.7432,1.9691,3.24622,2.66357,2.29319,1.23556,1.37942,1.74998,1.13648,1.37623,1.75128,3.01225,3.35329,2.87255,3.62151,5.09769,5.90936,5.61257,11.0071,16.3635,25.0059,54.2194,160.615,391.354,642.508,766.558,666.668,454.71,227.098,88.0672,28.4514,10.8205,6.13592,6.7642,8.01435,10.6407,10.8459,21.0263,41.5711,65.0711,67.8114,51.7551,25.9813,15.9598,11.5486,12.548,13.4185,16.3065,19.4338,22.1797,25.1622,30.3811,0,0
458,13.2935,1.99125,9.79664,10.8285,5.74799,2.06362,8.30336,5.84083,1.95268,2.17284,7.99388,5.48625,4.70087,3.2579,10.0603,7.40093,5.6622,3.24665,6.86032,4.49833,4.7718,6.74783,3.53612,5.61058,2.93928,4.70189,6.34098,3.76378,3.73681,3.92374,4.16646,4.54979,5.35386,4.04268,3.09469,2.88423,2.09844,4.1357,5.41473,1.38749,1.07482,1.64887,1.19079,2.62898,1.07273,2.46617,2.08754,0.267713,2.14944,3.20407,0.905993,2.10913,2.49161,2.49369,3.01599,2.41709,2.47719,1.58579,1.67028,1.35618,1.32474,1.94501,1.80633,2.4498,3.59417,2.61986,4.07849,4.15033,4.61405,3.95408,7.6828,10.3248,17.4133,27.0731,65.0109,200.858,441.472,674.602,733.946,603.048,374.126,173.077,64.7884,19.9248,8.15254,5.38511,5.67289,8.67211,8.92445,12.6981,22.0017,47.1547,69.3828,69.684,44.5287,25.2614,14.848,13.8353,12.0478,12.3233,15.8142,18.129,21.4609,24.4285,31.0958,0
460,11.6285,3.94286,14.2,13.5247,3.94288,0.715129,7.02152,3.42147,2.97341,3.51658,8.43962,5.85731,4.91399,4.88809,6.20134,8.48253,4.97739,4.41924,4.63361,2.73014,5.23091,6.01503,5.90641,5.00522,0.860912,4.91922,5.22076,2.98617,3.84965,3.22772,3.49863,3.60061,5.38902,3.7844,3.23366,3.50807,2.60202,4.82167,5.35834,1.52707,1.54719,1.86163,0.678927,1.87527,1.01238,2.20821,2.95671,0.433943,1.85552,3.85422,1.21085,0.594327,2.6881,2.54686,2.91771,3.0944,1.88303,2.24821,1.43884,0.746495,0.876417,1.35383,1.24261,1.317,3.22676,2.31507,3.63861,3.2538,3.99476,2.80928,5.13232,7.83195,13.2033,19.2476,30.0903,88.1526,244.382,491.738,671.793,686.019,530,305.127,141.754,47.6717,15.3326,6.19162,4.71877,5.50543,8.12496,9.62508,12.5332,25.149,50.8832,69.3965,65.6236,43.8553,25.1884,15.3715,11.4916,9.83267,12.8894,16.0921,17.6192,19.767,22.8783,30.2808
462,0,2.62175,11.1406,7.94245,5.3143,-2.3481,9.43658,3.51343,3.58424,6.71816,4.11205,6.11705,4.09276,4.58448,6.20017,10.8549,6.3185,8.08384,1.95943,3.37365,5.1443,5.0676,5.8029,2.89148,1.20632,5.1704,3.47646,4.42622,3.68246,3.706,2.53936,3.20889,3.92504,3.59283,2.16261,2.58095,2.48708,3.80867,4.57411,2.32479,1.92216,1.68117,-0.214091,1.13208,1.14625,1.08691,2.4501,0.727392,1.59405,3.12699,1.60056,0.526603,2.04858,2.95532,4.26306,2.84387,2.20024,1.51946,1.66853,0.745746,1.10445,1.03559,1.41935,0.517663,2.61466,2.27498,1.80532,3.0556,4.14578,1.83751,4.03813,6.13988,8.67577,14.7495,18.4722,40.4362,109.342,290.559,517.109,663.463,639.125,460.54,262.531,105.646,34.966,10.8035,6.22265,4.66925,6.10649,8.59878,9.34784,13.4824,27.1721,50.1056,71.6879,63.5918,43.0131,21.4276,12.7446,10.0997,10.3012,12.7271,14.8232,16.1616,20.516,23.6929
464,0,8.15124,11.4148,6.59202,3.88423,4.49199,9.31589,3.87527,0.320584,7.44231,2.88878,5.06342,7.69262,6.5052,7.9276,11.0699,6.08083,8.35437,0.29983,4.65876,3.51303,4.79328,3.46261,2.5546,3.74387,5.05127,3.89024,4.02603,3.54742,2.66221,2.16017,4.04137,3.41606,4.27665,2.55321,2.77772,3.18007,3.38032,3.39956,3.16163,2.49634,1.05257,1.05503,0.41179,1.17719,1.40557,3.1088,1.8464,1.84375,2.3978,1.32099,1.24306,1.08978,1.92138,3.51155,2.2564,3.23179,0.983362,2.09816,1.13842,2.10504,1.21539,0.896024,0.927789,2.23824,2.7414,1.58601,2.93597,3.82523,1.54946,3.02345,4.81981,5.09153,11.6609,14.5058,23.493,47.2327,147.764,340.741,548.429,653.43,567.599,397.166,196.9,77.4625,24.8615,9.90363,5.16574,4.21324,6.25258,8.40663,10.2952,14.0439,29.6059,58.0748,70.1379,59.1738,36.3355,18.7684,11.3454,10.2269,10.8334,12.2254,14.0671,17.7666,20.1561
466,0,0,10.6342,7.42112,4.20247,7.49171,6.28359,5.46221,2.27604,3.30402,5.60095,3.94235,8.12316,5.66166,7.36904,10.4603,3.11845,7.5444,0.381508,2.98269,2.90523,4.6308,4.39026,3.3469,3.5427,5.2,3.88828,4.25408,2.38592,2.64949,2.20749,2.86046,3.78225,4.17703,2.28728,3.15048,2.3176,2.7237,2.8612,3.70113,2.3898,1.80427,2.40221,1.00118,2.33603,1.12161,1.8201,2.52625,1.55559,2.5822,1.49675,1.67151,0.594851,1.6557,3.20299,2.01715,4.10483,1.27561,1.87057,2.34677,2.12246,1.10398,0.789208,0.895724,2.37643,3.01099,2.25817,2.98727,3.35409,1.61333,2.39146,3.02536,3.52584,7.82131,10.2399,16.465,24.0448,62.6896,181.289,379.193,566.395,610.771,514.74,319.583,155.792,56.0402,20.9256,7.00661,4.13465,4.44294,7.08207,8.14465,9.7085,16.3826,34.4074,59.1374,70.011,56.6004,32.8316,16.9832,11.7129,10.1515,9.42045,12.2357,15.4125,17.1133
468,0,0,11.7701,7.08837,4.88108,8.03049,8.74553,6.26434,3.9873,2.68129,6.618,5.44566,6.52348,7.31939,8.42242,7.6774,3.60325,9.64258,2.37418,1.90072,4.85209,5.85786,4.72915,4.9165,2.87306,4.68846,3.13989,3.31718,4.15154,4.40327,2.52765,1.92073,3.25574,3.60966,2.4549,2.45906,1.07771,3.41983,1.18785,2.89043,1.73963,1.41674,1.81265,1.94031,2.20508,1.47329,1.27253,2.35329,0.512977,2.31636,1.95432,1.47008,1.26249,1.71733,2.27696,1.42179,4.40645,2.35427,1.6523,2.1138,1.77001,1.7502,0.956985,1.19733,2.45987,3.18518,2.47134,2.64469,3.3368,2.47099,2.20305,1.94101,2.62567,4.68972,7.9742,13.0048,17.8226,26.5865,79.6178,218.292,410.9,570.575,579.07,444.496,272.733,116.97,44.5245,13.2071,4.91765,5.07967,5.62148,6.41679,8.27187,10.4795,17.9349,37.372,62.7418,68.2414,53.9442,29.2008,14.9199,9.82193,7.94694,10.9987,12.8843,14.5324
470,0,0,0,5.8188,3.5591,10.9549,13.177,6.96098,3.53324,4.6827,7.84902,4.49135,3.0611,5.72365,8.7722,5.61737,3.84958,7.97579,3.9944,2.80386,5.47586,6.30672,5.60054,4.3432,2.8437,4.51103,4.36127,3.97491,4.70028,3.98932,3.03785,1.52012,2.04584,3.44038,3.17163,1.61339,0.841839,3.10104,1.5912,3.1295,0.527676,0.968807,1.95809,2.00673,0.796858,2.00853,1.21851,2.38436,1.33545,1.44564,1.34607,0.953653,0.967948,1.86629,1.41903,1.98825,3.35978,3.16051,1.2504,1.65035,1.62702,2.45284,0.9249,1.28246,2.2449,2.57361,2.22686,2.08968,4.27358,2.07632,2.38473,1.64866,1.85598,2.89067,5.57595,9.66757,12.4928,17.1254,36.0528,100.162,248.384,448.963,564.254,534.535,395.79,209.2,91.1062,30.8312,10.7754,5.68112,4.44834,5.29447,6.92184,8.58877,10.5356,18.9209,41.4191,62.8941,68.4483,49.29,25.5229,13.038,9.71391,9.30149,10.1462,12.856
472,0,0,0,4.25215,3.57423,6.94674,4.54674,7.32146,8.60831,3.89082,8.43777,7.12719,3.26108,2.13796,11.1741,7.06788,3.85304,6.10375,3.56505,5.36498,4.1079,8.03707,6.57727,2.98982,4.72789,3.45723,4.06726,2.97466,3.20405,3.30905,2.72212,1.80252,2.44424,3.04974,1.77472,2.00742,0.945306,1.52121,2.29772,2.82506,0.659218,1.70983,1.88991,1.57379,0.965678,1.95788,1.0625,1.83373,1.19222,2.38024,1.79753,0.0347959,0.406849,1.56761,1.26785,2.79657,1.88936,2.99755,1.89105,1.43938,2.02919,1.93457,1.2134,1.11048,2.03457,2.16213,1.29375,1.65592,3.4336,1.06752,1.94762,1.83565,2.23419,2.45902,3.29993,6.71104,8.59857,13.2858,20.1338,42.3003,122.711,290.202,472.351,550.427,491.231,322.715,173.993,70.2288,24.45,8.11444,5.17713,5.22358,6.84344,7.41507,8.77837,11.3872,23.1693,44.1795,65.5991,68.9773,45.6773,25.977,12.7663,9.20284,8.77464,10.3933
474,0,0,0,0,5.37873,4.7628,2.04843,3.24827,6.61154,4.50827,4.82136,4.57916,3.46575,2.14962,13.9178,7.04653,5.74027,5.03254,3.05386,3.45562,4.32445,5.63105,4.30311,3.37405,5.40611,3.73637,2.91829,2.086,3.23994,3.94321,2.03402,2.3145,3.97168,3.00835,2.07418,1.87249,1.23939,2.15002,1.70604,1.51493,1.42264,2.59135,1.41811,1.14975,0.0457292,2.13032,0.671233,0.963219,1.14587,1.9142,2.94985,-0.0278398,0.37084,1.34993,0.610534,1.72299,1.21009,2.04836,2.17427,2.00262,2.12575,1.91663,1.24126,0.868865,2.30516,2.18034,0.874586,2.19192,1.06887,1.08074,1.47957,1.92049,2.1642,2.37382,2.83677,5.13454,6.35676,9.84144,15.3654,21.4576,50.5268,152.72,329.223,483.528,530.73,438.227,281.764,138.044,52.5229,16.491,7.30862,5.22724,6.20704,7.01134,7.68266,8.82829,12.0964,24.9906,48.1112,70.9633,66.2337,45.0939,23.0609,11.3342,7.28879,8.73432
476,0,0,0,0,5.59189,4.24328,7.60683,0.437363,3.49493,4.28285,6.33563,3.68333,2.50677,5.16677,14.3198,5.40454,7.0598,5.17212,1.06813,1.3577,3.04896,2.91655,2.51242,4.44198,3.12879,4.97518,2.8742,2.39738,2.97289,3.9483,2.23801,3.60936,4.65611,2.2795,1.72569,1.40989,1.45324,2.53193,2.21084,1.72898,1.39832,2.76217,1.44365,1.53239,-0.18371,1.61521,1.13956,0.8884,1.63305,2.07501,2.32279,0.974192,0.533998,1.27907,1.02332,1.20325,1.65513,1.40006,1.82682,1.33713,1.71125,2.03035,1.44142,1.18448,2.67173,2.25086,0.896053,1.99683,0.958577,0.299748,1.61349,1.36923,1.65967,2.2934,2.53338,3.19102,4.58035,6.94058,12.4426,15.4551,24.9816,69.2302,192.167,369.114,496.212,497.786,382.53,225.119,104.278,35.8307,12.4375,5.72767,4.95465,6.23619,6.5674,6.79745,8.6638,13.6565,28.3251,52.568,72.5735,63.9044,41.1967,19.6536,8.68078,8.02244
478,0,0,0,0,0,-0.917452,8.37409,4.95601,5.42232,6.61279,4.71336,3.96501,0.673162,4.86727,14.7587,5.65452,3.78478,5.48293,1.99574,2.63485,3.33744,3.16803,3.05372,5.18293,1.89952,4.89828,3.15174,2.14083,3.34316,2.69675,1.64235,3.39198,4.18582,3.14476,1.36678,1.80617,1.37104,3.05475,2.17623,1.1263,1.17668,1.32348,1.97318,2.32729,0.120742,1.97963,1.20253,1.93698,1.84405,2.20508,2.11133,1.00166,1.17301,0.787188,1.59284,1.26557,1.48946,0.456901,0.828091,0.684423,2.28733,2.17508,2.05099,1.67397,2.59205,1.89256,1.28337,2.22176,1.38741,0.686906,2.21892,0.957538,0.88683,1.8293,1.75435,2.87736,3.2097,4.72422,7.59669,11.2238,15.8881,29.105,88.4395,233.002,391.242,487.265,455.045,322.861,184.348,76.4744,27.3025,8.46755,5.3027,5.38749,5.66152,5.2099,7.46461,8.47663,14.2202,29.444,58.2921,71.6028,60.8038,35.7078,15.1862,9.24069
480,0,0,0,0,0,-0.3267,10.1489,11.4758,4.50977,6.83109,3.05518,1.81641,2.02792,4.38005,11.7878,6.23866,0.817326,3.79891,5.3284,1.18632,4.57315,3.79643,4.47685,3.38893,1.6439,2.44467,4.00192,0.873477,4.14659,1.65864,0.535587,2.45214,3.29763,2.9504,2.58117,2.31547,2.40683,3.05911,2.08797,1.33635,1.53602,1.07327,1.68346,2.44284,0.13002,1.68689,1.10341,2.12545,1.37134,2.91783,2.24232,0.657937,1.66639,0.571675,1.38188,1.45023,0.652919,0.0834504,0.907161,0.57397,2.51432,2.50928,2.2382,1.73363,1.99199,1.65597,1.22155,2.39391,1.62673,0.673252,1.61367,1.24099,0.917697,1.68414,1.51354,2.41428,2.0489,3.10763,4.91479,9.27064,12.8168,14.389,37.2262,121.108,257.608,408.601,472.924,405.946,279.955,144.896,57.8749,20.0812,9.11544,5.38617,4.51889,4.745,5.90621,7.01245,8.94533,15.0222,33.8257,60.3767,71.4905,58.3433,29.7862,14.3777
482,0,0,0,0,0,0,9.84962,10.1738,0.0462893,3.93715,2.29426,-0.60419,5.39948,4.90099,9.99276,5.74384,5.61154,4.39397,4.91727,0.231093,5.1047,4.1538,4.64722,2.64303,1.7652,1.89227,3.0711,1.30184,2.66533,1.98357,0.935992,2.92435,1.87737,2.40276,2.73879,2.66844,2.81715,3.15337,1.15647,1.47243,1.84656,1.51586,1.28772,2.45367,1.40108,1.30737,0.356608,1.71478,0.805728,3.0667,1.01218,1.09177,1.53414,0.434675,1.31029,1.19131,0.715317,0.10756,1.14352,0.295327,1.59286,1.73649,1.12453,2.25253,1.26205,1.0971,1.1849,1.93405,1.41672,0.293126,0.698295,1.38725,1.33262,1.12373,1.93096,2.08323,1.66535,2.74009,3.47294,6.46014,8.98508,11.235,18.4058,52.1557,143.463,291.86,427.944,443.648,359.279,230.433,110.832,41.9942,16.4372,6.44765,4.15615,3.96092,4.9943,4.95264,6.44341,8.64055,16.5104,39.0657,64.6833,74.8833,49.51,26.7804
484,0,0,0,0,0,0,9.66839,5.41049,2.82375,5.87488,1.37942,2.05445,6.131,4.44779,7.86499,8.96627,5.33282,5.14908,4.35493,2.31749,5.49998,3.50606,5.44172,3.9061,2.39546,2.28888,3.15717,2.06845,1.55448,3.48542,0.912756,2.94032,2.45142,1.95573,1.7406,2.6255,1.96492,3.27508,1.94825,0.623848,1.97159,1.54905,0.215544,1.75888,1.31602,1.45803,0.366617,1.08822,1.10847,2.54798,1.74202,1.78918,1.31889,0.708806,1.61304,0.925432,1.39991,0.443834,0.2608,0.181669,0.517965,0.856398,0.886578,2.41427,1.23122,1.23536,1.79706,2.55277,0.743145,0.407334,0.877818,1.01031,0.999608,1.28998,2.071,2.19136,2.00035,2.05042,1.91646,3.93659,6.2928,10.2709,13.892,22.5845,65.3315,173.098,321.976,416.966,407.829,316.4,189.913,81.5695,32.659,11.4756,5.33755,3.09532,4.4475,3.95458,4.78185,6.46304,9.41127,19.0489,42.3926,71.4135,65.5638,50.0776
486,0,0,0,0,0,0,0,6.18053,1.8626,8.11091,-0.0671242,3.48864,1.36078,0.600709,7.08279,7.58004,1.41261,5.24438,2.96772,3.01522,5.29077,3.90146,4.80892,5.89753,2.87219,3.18243,2.87614,0.713413,3.09683,3.52705,0.212982,2.97408,2.94945,3.90906,2.57976,3.15629,1.66489,1.45505,2.55231,1.08654,1.99631,1.81857,0.945792,1.37823,0.862093,1.35682,0.382388,0.973459,1.65495,1.53831,2.5238,0.541336,1.34058,0.30963,1.79098,0.355192,1.10482,1.39022,0.415352,0.533834,0.806999,0.670476,1.50998,1.75767,1.83471,1.2826,1.88442,1.63431,1.10176,0.027198,1.4758,0.718193,0.68835,1.53837,1.79719,1.69506,2.16482,1.47548,1.46493,2.65634,4.75907,8.06293,10.6635,13.8868,27.4379,86.2216,198.41,339.142,408.12,370.637,271.532,145.522,63.5722,24.4926,8.4146,3.21889,3.91805,4.61943,3.87493,5.72628,7.24997,9.59827,22.0975,49.1188,67.4438,67.8803
488,0,0,0,0,0,0,0,4.99026,1.40092,9.91893,3.61422,2.2497,3.44082,0.476019,6.32227,6.67016,3.15934,4.07335,2.98232,4.92274,4.92672,4.33036,3.374,5.98697,2.92241,3.80341,3.25273,0.933698,3.15305,2.44789,1.13088,3.07511,3.19778,3.79975,3.38134,2.18035,1.18611,0.42001,1.98643,0.990714,0.928884,1.29193,1.84548,2.63392,1.61552,0.484338,0.0955486,1.36073,1.5022,1.03668,2.19651,0.964784,1.20857,0.573459,1.51251,0.603552,1.13559,1.36136,0.935093,1.13446,0.877777,0.665009,1.98392,2.01229,2.64079,0.874262,1.38818,1.27491,1.44243,0.429732,1.09646,0.615278,0.742849,2.01892,1.42119,1.23477,2.15329,0.889494,1.54029,2.11418,3.40276,5.62219,7.66777,10.717,14.4548,36.6784,98.072,232.085,353.381,387.552,334.545,221.955,119.753,49.9956,17.2397,6.16751,4.43348,4.3099,3.42003,4.89531,6.19802,7.02734,10.1431,25.1424,49.9127,69.8134
490,0,0,0,0,0,0,0,0,3.21028,7.94964,7.24368,4.35657,9.30391,3.77995,7.71005,5.29553,5.19653,2.88375,2.02667,5.75583,3.17368,3.34913,3.39371,4.28781,3.37508,3.62264,3.5987,2.64806,1.61515,1.98005,2.30306,4.12463,2.46341,2.25322,3.50044,1.79377,1.80457,1.5658,2.31627,0.523416,0.445939,0.708699,0.747663,2.68562,1.977,-0.00284308,0.243422,1.18881,1.74999,2.05873,0.960329,1.75519,1.8186,1.41293,0.893951,1.39237,0.885838,1.38589,0.647915,0.834826,0.074758,1.42453,1.85191,1.89945,2.08831,0.524595,1.69812,1.61536,0.635234,1.28995,0.797083,0.666679,0.253564,2.37077,1.32999,1.59082,1.29498,1.31524,0.91524,1.99552,1.97044,3.68288,5.63743,8.30351,10.4674,16.715,42.6268,130.516,256.102,349.259,361.51,288.604,182.275,92.4779,34.6546,12.2987,6.14226,3.42452,3.34773,4.01565,5.07085,5.54223,4.92343,10.7187,27.0398,53.5046
492,0,0,0,0,0,0,0,0,8.40177,5.34578,6.43114,7.39426,11.285,2.97838,9.49988,2.52131,4.54742,3.67597,2.10136,2.40987,2.33379,2.70565,3.88081,3.00173,2.49896,3.55257,2.56517,4.23127,2.39533,1.30144,1.98375,3.99801,1.53884,2.15429,3.68083,1.99716,1.08225,1.57295,1.59812,1.06858,1.95203,1.74978,-0.214448,1.80042,1.85595,-0.317038,1.07952,1.27926,1.99123,3.28726,1.25808,2.77229,1.76277,2.32729,0.884746,1.24871,0.173291,1.57289,0.224842,0.154997,-0.0343253,1.28156,1.55051,1.16941,1.62786,0.849961,1.82825,2.21842,0.585484,0.956801,0.128487,0.661334,0.218414,1.53,0.878844,1.28586,1.16041,0.902676,0.950366,1.66194,1.49707,1.95288,3.80471,5.91174,8.40817,11.5844,18.5855,61.4178,151.299,262.738,339.537,327.073,240.188,150.653,65.6192,24.2901,9.70185,4.29019,2.81846,3.08177,3.82596,4.44988,4.57087,5.93087,12.8738,30.7055
494,0,0,0,0,0,0,0,0,0,4.86556,7.83284,7.74637,6.51711,1.54609,7.02728,2.95645,1.37534,5.04719,3.70644,2.61009,2.59181,4.32562,2.5783,3.84541,1.80239,4.20449,1.49816,4.72964,2.25609,1.88803,2.29533,3.06354,0.941503,2.05398,3.33018,2.65771,0.721272,1.17042,0.836748,1.62968,2.32846,1.35918,0.372389,2.25553,1.11452,-0.408913,1.5002,1.30837,0.87739,2.7938,1.7256,2.71266,1.44494,2.38399,0.895267,1.41923,-0.027619,1.1144,0.751343,-0.349528,0.277172,0.898025,0.864298,0.903276,1.52414,1.80911,1.45893,2.28005,0.811451,0.215146,-0.407599,0.339875,0.786287,0.879968,0.729816,0.996605,1.21912,0.762936,0.552,0.952822,1.20414,1.76331,2.76067,4.1423,6.42088,9.01205,10.8451,25.5332,74.5582,166.136,269.454,315.807,278.312,203.348,108.006,48.9848,17.7498,7.10565,2.71652,2.95567,2.88885,3.77966,3.94406,4.45704,6.67495,15.7955
496,0,0,0,0,0,0,0,0,0,5.41603,11.8796,8.25403,4.1982,1.87205,8.79036,4.32155,-0.252423,3.19232,4.2597,4.61416,3.22348,5.92041,1.98474,3.90043,1.18178,2.69394,1.06255,3.00309,1.25557,2.02483,2.26859,2.63515,0.741834,2.94441,2.52217,2.42548,0.325533,0.580092,0.31098,1.38823,1.82838,0.690985,0.806088,1.70097,0.269449,0.0139168,1.23403,0.582018,1.25114,2.57987,1.48242,0.472925,0.852903,2.05267,0.718041,0.0447348,0.0124451,0.53216,0.598512,0.10662,0.541039,0.658287,1.12825,0.528172,1.3097,2.24849,1.80312,1.64241,1.28343,-0.0202452,-0.344116,0.385668,0.523102,0.734037,0.661012,0.451555,0.70584,1.00207,0.400642,0.882112,0.787841,1.39612,2.11286,3.64798,4.25511,6.62092,6.41495,11.3308,31.2271,84.6789,178.432,262.085,278.299,239.228,151.583,84.2269,34.646,12.7244,4.0173,3.04228,2.90802,3.13638,3.15006,3.19564,5.06692,7.43743
498,0,0,0,0,0,0,0,0,0,0,11.7506,8.3811,4.14975,3.11081,6.27354,3.92877,-0.252534,1.80908,1.91238,4.49984,2.13854,2.60063,2.04138,5.12146,1.14722,1.07058,1.17457,3.07689,2.23658,0.994082,1.4365,3.59592,1.59559,2.67894,2.71025,2.29023,0.078177,0.479718,-0.131763,1.33103,1.4433,0.858936,1.03446,0.641434,-0.108055,-0.0388011,1.1916,0.034152,2.21748,1.68722,0.751379,0.0259267,0.674234,1.38408,0.819745,0.378431,0.223033,0.712008,0.405537,-0.0992867,0.67187,0.220113,1.75196,0.18919,1.16901,2.34936,1.12503,1.75421,1.02993,0.0406039,-0.0566806,0.400228,0.6481,1.02425,0.479657,0.599185,0.243112,1.17691,0.239636,0.94358,0.639123,0.978989,1.26702,2.90635,2.65691,4.41692,4.94911,7.26586,13.2403,36.3766,98.2743,185.558,245.905,250.018,193.527,123.254,59.7561,22.7329,7.79903,3.49252,2.52622,2.21919,2.72534,2.51655,4.73168,5.17957
500,0,0,0,0,0,0,0,0,0,0,9.34813,8.81392,2.91396,3.3984,2.74358,3.35803,0.192818,1.61938,-0.423124,1.94471,2.77525,2.99166,1.92793,6.36673,1.06497,3.65393,2.23918,4.36308,1.93021,0.885335,1.18694,3.43784,1.20353,2.83302,2.66132,1.30978,1.0114,0.867354,0.786034,1.89747,0.719362,0.535812,0.755971,0.136017,0.163414,0.151909,0.638833,0.134394,2.03323,0.76096,1.02292,0.116102,1.31937,0.364768,0.7546,1.21638,0.385828,0.485013,0.394116,-0.361281,0.813146,-0.0875132,1.12747,0.693507,1.27223,1.97853,1.0622,2.13577,1.30269,0.489513,-0.142152,0.427777,0.987769,1.06763,0.333791,0.734784,0.222156,0.914573,0.255847,1.09898,0.560237,0.637241,0.97476,1.35081,1.44719,2.57243,3.7718,6.0206,6.90285,14.7476,44.9892,110.718,185.031,230.667,218.242,161.468,95.4825,41.8574,16.7881,5.65871,2.33531,2.33276,1.59903,1.82297,3.77689,4.09926
502,0,0,0,0,0,0,0,0,0,0,0,10.1883,2.34852,8.00927,2.46976,3.65368,0.87685,1.03356,-0.176282,2.93822,2.47594,3.19151,0.905864,5.64563,1.17722,4.04568,3.0529,5.06094,1.53089,1.0684,0.901432,2.96042,1.64464,2.75842,1.77618,0.87544,1.01379,1.39869,0.83913,1.82992,1.27957,0.332893,0.226401,0.228733,1.21125,0.424018,0.130969,1.13179,2.83777,0.445246,1.64553,0.365448,1.34443,-0.0415373,0.645175,1.06997,0.593827,-0.01616,0.156508,-0.326385,0.0597317,0.0611791,0.223055,1.12746,0.995531,1.34715,0.826488,2.75438,1.92218,0.72027,0.328918,0.405393,0.521534,0.942157,0.310333,0.232676,0.175244,0.694867,0.465826,1.02769,0.610419,0.676965,0.734922,1.07256,1.05202,1.63676,2.67715,4.75213,4.75773,7.55072,16.7493,55.5577,119.211,186.755,213.993,188.097,138.397,73.392,33.9116,10.6993,3.49194,2.9381,1.39243,1.49695,2.57741,2.94247
504,0,0,0,0,0,0,0,0,0,0,0,8.52194,3.04682,9.58073,2.07647,5.51788,4.37942,3.28192,1.02853,2.80587,2.35621,2.6833,1.61121,3.97557,1.39666,3.27491,2.65046,4.25339,1.08971,2.14512,1.29149,2.50988,3.03322,3.07393,1.69119,1.24092,0.816433,1.02868,0.464591,1.6321,0.278752,1.17168,-0.409798,0.624546,1.25203,0.901805,1.73386,0.383642,2.41248,1.47802,1.4888,0.332969,0.804959,-0.279046,0.465857,1.50676,0.918389,0.186627,0.253846,0.304879,-0.337597,-0.306002,0.635471,1.18413,0.869503,1.42551,1.14194,2.90203,1.59049,0.559415,0.978738,0.374818,0.80085,1.13384,0.289266,0.277065,0.151653,0.367084,0.870246,0.802752,0.692134,0.871158,0.920304,1.27252,0.997365,1.03278,2.43239,3.59399,3.91202,5.79813,8.04223,23.7473,66.2847,128.913,181.238,198.442,165.886,110.894,55.3286,22.4831,7.46655,4.06137,1.64567,1.77679,2.14069,2.41621
506,0,0,0,0,0,0,0,0,0,0,0,0,6.39632,7.9485,2.46948,6.33321,6.00055,5.13277,3.6451,2.32256,1.32568,4.16468,1.79483,2.63896,0.250749,3.09322,4.55705,4.77885,1.93963,2.50206,1.44741,2.57173,2.75444,1.84085,1.1716,1.50093,1.5674,1.06208,0.703261,1.86497,0.273076,0.699342,-0.258203,0.768334,1.36191,0.31765,1.60179,-0.528744,0.879038,1.57592,1.72607,0.0467334,0.307861,-0.387402,0.312996,1.54016,0.469219,0.873063,0.12595,0.0506958,-0.288477,-0.148789,0.223994,1.17757,1.26205,1.40068,1.9716,1.84414,1.24486,0.748942,0.531962,0.974639,0.834804,0.560064,0.39743,0.612285,0.560181,0.430115,0.794191,0.73527,0.702539,0.664538,1.05094,1.28174,1.28569,1.05586,2.0786,2.80922,3.12596,5.07178,6.23478,10.7358,29.848,78.4945,138.522,182.655,176.457,144.736,85.6462,42.963,15.351,6.82923,2.26271,2.21603,1.79636,1.80089
508,0,0,0,0,0,0,0,0,0,0,0,0,11.1299,9.4369,2.52199,4.89191,3.87114,3.22452,6.68436,2.23694,1.09468,4.50197,2.27986,3.01792,1.2649,3.42511,4.09538,2.92012,2.29486,2.32067,1.86646,2.90568,2.83531,1.25292,0.57083,1.491,1.14601,2.44181,0.424919,1.88453,1.32205,0.0666306,0.249022,0.592601,1.29713,0.28046,0.0295348,0.303701,0.811121,0.65296,1.46195,1.20677,0.423776,-0.00903154,0.878194,0.976252,-0.0618931,1.2345,0.644253,-0.0856716,-0.200535,0.18868,-0.363492,1.13363,1.16328,1.3647,2.21846,0.923039,1.25633,0.754666,-0.0363206,0.688204,0.682893,0.00299696,0.761545,0.765498,0.634329,0.55148,0.329496,0.72258,0.411896,0.0858666,0.962192,1.69019,1.37722,0.77458,1.2075,1.63707,1.99496,3.87105,5.18167,6.0292,12.6532,40.062,92.9417,147.949,172.132,165.941,118.402,70.576,30.3372,13.5299,4.35408,2.65063,1.92631,1.61015
510,0,0,0,0,0,0,0,0,0,0,0,0,0,11.5612,4.26079,6.57269,3.3098,2.45839,4.41408,0.116757,3.72117,3.2432,3.00964,2.25377,1.86185,3.44619,1.16708,1.6357,2.89419,2.97567,1.26593,1.74835,2.39375,1.05242,0.592062,1.2438,-0.0192589,4.09386,1.13161,1.58012,0.902766,0.52855,0.658949,0.0529867,1.04608,1.23643,0.461729,0.630414,0.57964,0.518406,0.763091,0.898314,0.0707294,0.690544,0.768629,1.05098,0.504298,0.56949,1.08444,0.0993016,0.427165,0.42002,-0.0306885,0.714842,0.80054,0.603814,1.46025,0.604688,1.19961,0.796905,0.0808726,0.251004,0.0878452,0.425666,0.808176,0.782919,0.460548,0.419441,0.568434,0.489218,0.420441,0.382903,0.893453,1.46253,1.37456,0.371071,1.13725,0.839327,1.72679,2.75896,4.38029,4.92049,7.68215,17.3385,50.8116,104.522,147.91,172.208,147.439,101.304,54.9929,25.5069,8.86144,4.31818,2.60756,2.17843
512,0,0,0,0,0,0,0,0,0,0,0,0,0,16.3245,10.4296,7.74333,3.42543,2.56721,0.421718,-0.348715,4.20537,1.4081,3.05892,2.86947,0.358062,2.05789,1.25414,1.97852,2.46748,3.40527,0.837256,1.72566,1.19424,0.956226,1.06557,0.959618,-0.113296,5.00936,1.86127,1.1541,0.46725,0.541231,0.238726,-0.202818,1.0873,1.4303,0.44982,0.825704,0.746631,1.14474,1.15212,-0.138315,0.0097607,0.0747627,0.607091,1.40166,0.351216,-0.183718,0.765587,0.284627,0.232204,0.167378,0.837568,0.0861329,0.340481,0.481613,1.22072,0.489487,1.13423,0.770598,0.269805,0.658804,0.456181,0.377947,0.23603,0.76925,0.432273,0.425502,0.80313,0.429646,0.356365,0.925197,0.819188,0.409506,1.39248,0.0743352,1.02196,0.325177,1.69272,1.89008,3.37151,4.62399,6.26332,9.26035,23.1912,64.2882,111.576,158.887,165.545,130.556,87.3359,48.3085,18.6348,6.97232,3.30433,2.03043
514,0,0,0,0,0,0,0,0,0,0,0,0,0,0,14.9635,7.06357,5.21281,3.75804,0.531902,0.508517,2.97643,4.30568,3.6525,3.37593,-0.164699,1.82778,1.42022,2.39071,1.02581,2.8337,0.690623,2.76311,1.36628,1.87285,0.892143,1.95675,0.886543,5.11507,1.24533,1.16434,1.07251,0.431809,0.193457,-0.228554,0.157454,0.592918,0.186845,0.640115,0.841229,1.04089,1.65237,1.0105,0.48899,-0.247685,0.369084,1.18797,0.766667,-0.0761677,0.515809,0.502693,0.243886,-0.261334,0.909827,0.286467,1.10126,0.550754,1.27581,1.06772,1.03616,0.880671,0.604144,1.13033,0.400162,0.26129,0.169056,0.869374,0.708607,0.452326,0.633639,0.0653347,0.316695,0.512002,0.9733,0.0989949,1.30849,0.440082,0.816985,0.344314,1.14632,1.04165,2.11214,4.02191,5.73147,6.9328,10.4709,34.302,72.9514,131.182,164.583,150.078,121.053,74.0199,37.3693,14.3105,5.08826,2.72895
516,0,0,0,0,0,0,0,0,0,0,0,0,0,0,12.5459,13.6194,6.68719,8.43371,2.96744,1.20052,4.99332,4.70026,4.72734,5.43155,0.860084,1.60145,0.903974,3.45564,0.526191,1.41883,0.475116,1.95903,2.6925,3.18173,0.745828,2.40743,1.48629,2.92515,1.39466,1.99693,0.907341,0.795282,0.0255716,-0.448359,0.12216,-0.257081,0.761058,0.906974,0.776851,1.29037,1.64453,0.661111,1.11681,0.00395504,-0.25731,0.666288,0.829407,0.0727272,-0.35627,0.288213,0.828504,0.000328636,0.471897,0.39281,1.36377,0.761414,1.53413,0.800136,1.42125,0.992309,0.892852,1.39235,-0.023994,0.0771159,-0.126975,0.671906,0.568777,0.337921,0.439202,0.339568,0.288132,0.157937,1.07549,0.506008,1.15224,0.458822,0.798349,0.511074,0.404123,0.685506,1.30402,2.72555,5.11964,5.64657,6.47516,16.7923,40.782,90.298,142.92,159.216,147.601,105.92,67.5753,30.4683,10.8298,4.23827
518,0,0,0,0,0,0,0,0,0,0,0,0,0,0,0,17.669,8.9384,7.30929,2.34454,2.1839,3.99947,1.86148,5.29808,6.16081,0.92977,0.599695,1.42622,4.24386,1.89008,1.2202,0.612884,0.90292,2.1401,1.9765,0.658051,1.6459,0.990567,0.702039,1.672,1.26312,1.68179,1.1047,-0.109783,0.123208,0.838385,0.00864782,0.815482,1.70784,0.628203,2.1918,1.64808,0.260232,1.72887,-0.311982,0.108313,0.699189,0.86318,0.362139,-0.511685,-0.217416,0.597873,0.624852,0.116753,0.264877,0.959745,0.581006,1.25989,0.60558,1.34797,0.27854,0.527097,1.65106,0.422441,-0.0281733,-0.106676,0.519609,0.344844,0.342709,0.324848,0.241669,0.171343,0.330654,1.22903,0.659947,1.43089,0.420811,1.24303,0.576978,0.629174,0.480318,0.941219,2.0857,3.83821,5.11213,5.9309,8.85804,19.7109,53.4549,107.649,149.944,163.083,137.572,98.835,53.2962,23.5695,8.36643
520,0,0,0,0,0,0,0,0,0,0,0,0,0,0,0,18.8266,8.98803,5.20918,2.65155,2.36892,3.58542,1.21116,4.29964,4.30525,2.59999,0.340385,1.72322,2.36838,2.17347,1.29751,0.0843489,0.966253,1.24489,0.291211,1.2207,0.826173,0.342619,0.217306,1.17152,0.623754,1.65439,0.507174,-0.172246,0.376541,1.89618,1.09445,0.69429,1.4426,0.27985,2.04269,1.76483,0.867789,1.33394,-0.32809,0.580079,0.706605,0.447983,0.625987,-0.433102,-0.373179,0.666923,0.51722,0.0134182,0.0757836,0.456594,0.597709,1.63405,0.282353,0.637964,-0.0843258,0.6599,1.92087,0.222386,0.211632,0.0116349,0.751994,0.204512,0.853977,0.297366,0.077984,0.157985,0.962167,0.96247,0.553945,1.40639,0.623398,1.17884,0.483613,0.628344,0.469731,0.689294,2.12364,2.8555,4.6974,5.5435,6.19898,8.8677,28.5679,69.7247,122.094,157.436,159.344,134.626,85.6316,43.871,19.1168
522,0,0,0,0,0,0,0,0,0,0,0,0,0,0,0,0,12.5019,9.37152,2.11064,3.50753,4.42136,0.172596,3.58466,3.72262,2.65529,2.9236,1.44577,2.10694,0.949053,2.18114,-0.749437,2.02413,0.93366,0.599679,1.02441,0.646573,0.304243,2.09021,0.773471,0.676605,0.825991,0.397019,-0.191473,0.0828277,1.81192,1.62634,0.362848,0.395534,-0.050846,1.39992,1.25283,1.25959,0.749228,-0.503922,0.353177,0.524835,0.0630105,0.278104,0.233359,-0.0727449,0.357598,0.158547,0.0308062,0.767888,0.583098,0.877184,1.42919,0.476456,0.338304,-0.19478,0.721538,2.11902,0.309603,0.399928,0.347164,1.06909,0.607123,0.690179,0.32311,0.32127,0.292687,0.828224,0.520038,0.261237,1.09644,0.56873,0.786664,0.847159,0.807517,0.290669,0.691411,1.75646,2.1492,3.51716,5.16777,5.48333,5.95991,15.0099,40.4336,86.1411,138.007,165.619,162.219,124.144,74.404,39.0116
524,0,0,0,0,0,0,0,0,0,0,0,0,0,0,0,0,16.3901,13.0875,4.23169,2.91095,4.88546,0.50316,4.37595,4.12283,2.5009,2.80278,0.915784,3.63599,0.807483,2.7367,-0.119179,3.3085,1.1557,1.07324,1.24113,2.02751,0.245644,2.25967,0.559937,1.09661,0.675146,0.167285,-0.594211,0.649349,0.768965,1.7188,-0.276838,0.640934,0.51288,0.900579,0.83646,0.720405,0.597463,-0.451631,-0.106057,0.493606,0.121272,0.0229704,-0.00629566,-0.000704477,0.0347687,-0.0477173,0.0159967,1.04511,1.07293,0.543531,1.04702,0.435607,0.683183,-0.178764,0.384634,1.42203,1.01258,0.440449,0.132413,0.902997,0.717044,0.598124,0.218288,0.269545,0.118991,0.490697,0.335532,0.694192,0.840944,0.312438,0.373335,0.78583,1.01176,0.625078,0.479046,1.58269,2.02682,2.24832,5.01013,4.4001,5.47297,7.67383,19.3484,53.1205,106.296,153.596,174.852,154.775,113.592,68.3229
526,0,0,0,0,0,0,0,0,0,0,0,0,0,0,0,0,0,14.4952,5.55871,1.68956,3.71765,0.837548,3.36764,4.08246,1.96159,1.05755,1.42019,2.4904,1.64714,2.25662,1.23267,3.29416,1.05824,2.24192,2.05626,1.13064,1.12466,1.52255,0.483743,2.07956,0.617507,0.496449,0.417862,0.359891,0.435195,1.48025,0.141657,0.948986,0.993883,0.646063,1.06948,0.827434,0.850843,0.377516,-0.157272,0.784987,0.0963279,0.263655,-0.494684,0.438737,0.00784724,0.733419,-0.321628,0.545992,1.34136,0.561998,1.52662,-0.114179,1.05582,0.365732,-0.039041,0.584846,1.13848,0.456203,0.536957,0.907391,0.43455,0.839943,0.185872,0.293457,0.12342,0.239124,0.363609,0.957082,0.690313,0.417748,0.181598,0.46153,0.918624,0.667435,0.724711,1.6788,1.52123,2.14664,3.30029,4.43903,4.63868,6.21201,9.74068,28.4457,65.1185,120.064,168.223,179.042,149.517,107.129
528,0,0,0,0,0,0,0,0,0,0,0,0,0,0,0,0,0,15.0074,7.75875,1.84028,1.41945,2.07799,4.07894,3.30156,0.839926,2.55354,2.00434,3.35405,1.73841,1.61556,0.924779,3.45598,1.60581,2.81854,1.87427,0.60905,1.67688,2.25152,0.896113,2.09272,0.227475,0.456172,1.02694,0.353123,0.074706,1.04373,0.989904,0.249121,1.38522,0.0953908,1.67856,0.714145,1.20276,0.524316,-0.487352,1.24675,0.33968,0.663743,0.147311,0.12156,-0.12684,0.67396,-0.270424,0.488223,1.571,0.713129,0.983198,-0.17256,0.353403,0.343227,0.0951093,0.0431743,1.48062,0.580041,0.787815,1.07926,0.866779,0.742953,0.218238,0.562514,0.193354,0.165233,0.29763,0.76444,0.919907,0.311039,0.326176,0.398241,0.826723,0.843152,0.854892,1.43317,1.60347,1.7395,2.35617,4.23456,4.09902,5.56538,6.64135,13.1118,33.9881,78.9989,142.924,183.018,177.181,145.901
530,0,0,0,0,0,0,0,0,0,0,0,0,0,0,0,0,0,0,10.5105,5.17153,-0.776898,3.55019,5.28069,3.46984,1.81681,4.10713,2.29519,3.76564,2.03589,0.994805,2.10816,4.23347,1.88675,2.4621,2.26419,0.748962,1.14793,2.33538,2.06657,2.41692,0.625668,0.419885,0.515669,0.975319,0.519811,0.706027,0.942922,-0.0991737,2.00518,-0.182424,2.75181,0.643256,0.891699,-0.0441789,-0.109852,0.991584,1.11301,1.11047,0.242572,-0.409292,0.141113,1.00659,0.159587,0.466636,1.61338,0.891133,0.26942,0.633339,-0.0422193,0.476653,0.836515,0.155966,0.973153,0.55204,0.92108,1.63811,1.34594,0.985656,0.533371,0.338648,-0.0548078,0.142544,0.211837,0.687846,0.569872,0.123061,0.558074,0.0893404,0.942436,0.817748,0.694902,1.03725,1.92181,1.84513,2.19364,3.31309,3.25511,4.43763,4.77634,7.91254,15.9975,44.0541,99.9938,159.428,189.923,177.219
532,0,0,0,0,0,0,0,0,0,0,0,0,0,0,0,0,0,0,13.915,7.89989,1.2484,3.14893,4.64503,4.13971,2.01021,4.19671,3.24086,2.71094,2.89725,1.87974,2.88232,3.04109,1.02432,2.34022,2.12243,0.595457,1.14431,1.10826,2.37201,1.26764,1.42072,0.382673,-0.429888,1.64227,1.17839,0.697101,1.8341,-0.0658017,1.42771,-0.0913639,2.56698,0.848414,0.520769,0.190374,0.657771,1.07474,0.869025,1.32119,0.300407,-0.267001,0.126893,1.39497,-0.214124,0.469986,1.23935,0.979919,0.689147,0.868475,0.82487,0.213779,0.914219,0.728092,0.506618,0.301165,1.38768,1.5096,0.921902,0.923237,0.742674,0.211084,0.431741,0.275481,0.330786,0.633515,0.273064,0.461236,0.289381,0.630437,0.810367,0.722426,0.425037,0.916775,1.51875,1.58994,2.32736,2.38391,2.51044,4.21485,4.35557,6.60042,8.30307,22.7095,60.4642,120.722,178.254,190.972
534,0,0,0,0,0,0,0,0,0,0,0,0,0,0,0,0,0,0,0,7.94756,4.37005,3.10282,4.97278,2.72271,1.75364,4.1623,3.64378,2.36679,2.85392,2.97328,0.666918,2.94877,0.983082,1.26468,1.29854,1.05443,0.191345,0.622051,1.41873,-0.140678,1.02924,0.558045,-0.4312,1.11725,1.41728,0.699867,1.69622,-0.0986407,0.62135,0.56334,2.63962,1.82654,0.0679751,0.0037978,0.344571,0.657101,-0.109239,0.904178,0.381321,0.0318329,0.237948,0.430577,-0.347795,0.929879,0.936693,1.00078,1.40633,-0.0142837,1.39889,0.113203,0.47534,0.723572,0.11017,-0.0073377,0.91723,1.24761,0.402029,0.86894,1.01972,0.266061,0.411451,0.292176,0.456993,0.655259,0.278435,0.392958,0.248861,1.17917,0.59511,0.404151,0.651997,0.912515,1.52135,1.25047,2.40413,1.32103,2.60183,3.89278,4.15684,5.64467,5.66554,10.2595,32.2835,76.2956,142.414,182.395
536,0,0,0,0,0,0,0,0,0,0,0,0,0,0,0,0,0,0,0,10.0741,6.91303,4.14398,5.79309,2.93691,2.01168,3.98318,3.17013,2.19136,3.17764,3.14732,0.226355,2.95564,0.59226,0.556729,1.11071,1.1467,-0.0712969,1.52771,1.38105,0.616496,1.23244,0.953552,-0.417464,0.506881,1.23236,0.654827,0.834289,-0.0112491,0.50832,1.3134,2.43678,0.870521,-0.144069,0.595645,0.392713,0.569416,-0.396682,0.298832,-0.0112445,0.491304,0.362447,0.172974,0.233045,0.642499,1.66764,0.961199,1.77923,-0.239369,0.943066,0.335035,-0.0040224,0.419566,-0.180955,-0.202294,0.564816,1.17307,0.950167,0.744195,1.05906,0.541997,0.122235,0.244508,0.342949,0.774361,0.455517,-0.0503329,0.272736,0.866665,0.660829,0.188556,1.10196,0.532938,1.4237,1.46535,2.23508,1.53579,1.95898,3.23054,3.86726,4.66163,5.08896,6.62883,13.7931,43.0148,99.7306,153.387
538,0,0,0,0,0,0,0,0,0,0,0,0,0,0,0,0,0,0,0,0,12.0174,5.29024,6.242,4.14548,2.19804,4.28935,3.13394,1.76916,2.80901,3.00833,0.732679,1.41683,0.121247,1.63413,0.705976,1.19747,0.863045,1.46595,1.56791,0.624653,1.29601,1.32995,-0.5321,0.114106,0.964683,-0.109323,1.22267,-0.167728,1.38296,1.05695,1.7779,0.571203,0.294236,0.596478,-0.000595228,1.11622,-0.412176,0.371462,0.286836,0.646877,0.0715404,0.636966,0.360108,0.952637,1.96913,0.673025,1.73885,0.252234,0.648215,0.137875,0.00287741,0.477802,0.290271,-0.19306,0.688097,1.26842,0.90555,0.657785,0.900052,0.322749,0.442989,0.028072,0.118287,0.768199,1.14877,0.305508,0.0921777,0.602326,0.593238,0.320545,0.906959,0.274347,1.66436,1.29959,2.15625,1.70483,1.74789,2.48113,3.19249,3.3232,4.68219,5.58101,7.23547,20.9816,61.483,112.254
540,0,0,0,0,0,0,0,0,0,0,0,0,0,0,0,0,0,0,0,0,10.0304,6.0848,6.67349,4.29886,2.49852,3.84346,4.72898,2.60374,1.56667,2.12096,1.4717,1.3952,1.36107,1.83098,0.828862,1.66764,0.153881,1.27297,1.62866,0.526419,0.396968,0.663009,-0.901423,-0.136346,0.464168,0.251948,1.6825,-0.495886,0.935261,1.48094,1.50187,0.0939712,0.226974,-0.283634,0.0852059,0.92504,-0.0773476,0.267191,0.248265,0.331314,-0.184903,0.505237,1.22243,0.5515,1.40955,0.661687,1.19377,0.104315,0.316621,0.226362,0.348357,0.545967,0.308724,0.236005,0.673472,1.52567,0.312903,0.704558,0.487696,0.219513,0.493226,0.14595,0.407293,0.212246,1.32253,0.266715,0.182604,0.270714,0.651011,0.108662,0.655146,0.793673,1.74289,1.5118,1.98824,1.46637,1.81267,1.78079,2.09649,2.43593,3.93485,5.32166,5.21658,9.95516,30.4329,71.1765
542,0,0,0,0,0,0,0,0,0,0,0,0,0,0,0,0,0,0,0,0,0,6.55576,5.22036,4.23855,2.0665,3.02624,3.38097,2.34016,0.894714,1.91295,1.6101,2.69653,2.00029,1.23926,0.900573,1.767,0.483493,1.85284,1.02344,0.76868,0.404395,0.314919,-1.0454,0.284362,0.00628976,0.679822,1.01898,-0.646378,0.0832951,1.07682,1.96077,0.136874,0.0592889,-0.289957,0.585829,0.605299,0.0782059,-0.0233722,0.0588435,0.272895,-0.125833,0.0799312,1.65088,-0.350182,1.46766,0.458705,1.74302,0.0837422,-0.37072,0.303167,0.151845,0.620941,0.353776,0.479312,0.734837,1.31931,0.528617,0.807151,0.446739,0.49889,0.749421,0.367871,0.612265,0.495438,1.0864,0.111369,0.205057,0.364456,0.585342,0.0840207,0.194065,1.06996,1.4003,1.59304,1.46881,1.08699,1.37548,1.44968,1.6511,2.20004,3.34752,4.61631,4.20389,6.68593,13.0238,36.5566
544,0,0,0,0,0,0,0,0,0,0,0,0,0,0,0,0,0,0,0,0,0,7.76046,6.703,3.39743,1.1703,3.00547,2.1758,1.1794,2.68028,1.956,1.58948,2.70392,1.10212,1.6287,1.4368,1.28076,1.24865,1.37039,1.30337,0.667479,0.721752,0.591693,-0.290484,-0.172218,1.06887,-0.126087,1.30229,0.184923,0.369416,0.264039,2.45903,1.6127,0.480531,0.0451088,0.540842,-0.153336,0.0993387,0.237005,0.0786001,1.15666,-0.182176,0.541054,0.922577,-0.41978,1.11152,0.838071,1.81812,0.465411,-0.00892931,0.331845,0.286731,0.574385,0.134158,0.323911,0.482118,0.279273,0.354143,0.835533,0.60438,0.663709,0.692775,0.465312,0.541344,0.876,1.04313,-0.0331492,0.0177743,0.259088,0.47721,0.0606558,0.495555,0.63504,1.26166,1.76172,1.24744,1.32925,1.56024,1.23954,1.17865,1.98281,2.66222,3.85286,3.65452,5.0024,6.35303,18.1626
546,0,0,0,0,0,0,0,0,0,0,0,0,0,0,0,0,0,0,0,0,0,0,6.2269,3.19081,0.130493,3.87253,3.66931,2.22768,4.3773,1.20015,1.03832,2.15781,-0.4565,1.73029,1.65297,0.884155,0.94258,1.08875,1.93147,0.2551,0.866366,0.243508,-0.420126,-0.477305,1.39229,-0.599483,1.48395,0.420304,0.946396,1.21648,3.12285,1.42288,0.823988,0.0409977,0.613506,-0.276357,1.35366,0.492251,0.424114,1.19648,0.179746,0.287349,0.163073,0.230967,1.28319,0.79837,1.58199,0.559385,0.432756,0.307159,0.323214,0.113399,0.0705496,0.00143689,0.162491,0.528599,0.175515,0.480067,0.875944,0.801776,0.742302,0.478301,0.259414,1.12016,0.850215,-0.0745107,-0.201131,0.338973,0.463445,0.00604539,0.548344,0.365233,1.0092,1.58845,1.38609,1.17893,1.45196,1.05278,0.913276,1.52427,1.78912,3.02486,3.33654,4.07677,4.63488,8.25502
548,0,0,0,0,0,0,0,0,0,0,0,0,0,0,0,0,0,0,0,0,0,0,4.22305,3.8737,-0.116766,4.21505,4.36801,2.27961,3.01652,1.93716,0.755485,1.76481,-0.0382856,1.75902,0.954829,0.937031,0.742063,1.68735,2.76004,1.00334,0.7429,-0.0480075,-0.0883888,-1.24953,0.111355,-0.189632,0.807237,-0.295176,0.91219,1.51695,2.65258,0.0934131,0.406957,0.00934072,0.684428,-0.275518,1.74545,0.267738,0.86826,0.329265,0.670246,-0.526944,0.176901,1.06821,1.19057,0.594434,0.941555,0.617688,0.806684,-0.15029,0.0506903,0.488755,0.312277,-0.0923746,-0.101581,1.15239,0.210205,0.453644,0.748188,0.613978,0.591683,0.540987,0.527546,0.891419,0.880125,-0.00742424,0.0544321,0.382884,0.502156,0.294798,0.453917,0.516213,1.12447,1.31994,1.57326,1.02903,1.32516,1.17727,1.04466,0.85745,1.03058,2.31493,2.79125,3.64597,4.23093,4.94584
550,0,0,0,0,0,0,0,0,0,0,0,0,0,0,0,0,0,0,0,0,0,0,0,4.20599,1.56772,3.23609,3.68259,2.62388,2.34043,1.52644,1.14431,1.48257,1.08321,1.53943,1.05937,0.998472,1.62597,2.42738,2.95545,1.55551,0.23732,0.386635,0.35997,-1.16426,-0.795153,0.593446,0.45081,0.0697768,0.362669,1.66327,0.947087,0.3346,0.203172,-0.390679,0.113132,0.58492,0.881793,0.13289,0.303827,0.353863,0.444582,-0.0124487,0.732494,0.962915,1.39389,0.622275,0.842056,0.429911,0.831951,-0.252801,0.124285,1.64157,0.673924,0.067883,-0.454913,1.25874,0.0428656,0.795699,0.32043,0.380642,0.524292,0.468941,0.570233,0.850381,1.04894,0.161566,0.364217,0.27921,0.491986,0.234608,0.337634,0.354769,1.09176,1.35141,1.23226,1.17054,1.5546,0.980483,1.18834,1.08793,1.01358,1.85349,2.09859,2.86075,3.2378,3.98362
552,0,0,0,0,0,0,0,0,0,0,0,0,0,0,0,0,0,0,0,0,0,0,0,4.08209,2.08408,3.57639,2.91113,4.40613,1.89656,0.491304,1.56705,0.813056,0.678004,1.09031,1.64148,1.01647,2.41196,3.27774,1.73975,0.777085,0.563901,0.814666,0.610614,0.10318,-0.508387,1.64316,0.137367,0.321159,1.0125,1.67818,1.07048,1.14347,0.446957,-0.582992,-0.191387,2.00177,1.07064,-0.0992231,-0.0177004,0.92846,0.435489,0.135256,0.497318,1.06685,2.373,0.733607,1.54709,0.618079,0.475289,0.00266304,0.366568,1.25258,0.136873,-0.121144,0.141862,0.94702,0.162415,1.12077,0.32035,0.649299,0.717669,0.868103,0.505563,0.951067,0.866476,0.147075,0.307368,0.240487,0.474509,0.113326,0.0262418,0.290887,1.06164,1.33518,0.792812,1.30788,1.56908,0.861648,1.29373,0.926247,0.866111,2.26479,1.70596,2.12476,2.66994,4.29792
554,0,0,0,0,0,0,0,0,0,0,0,0,0,0,0,0,0,0,0,0,0,0,0,0,2.42943,3.05753,1.80804,3.69966,1.31434,0.274368,2.28815,2.0022,0.150395,0.167262,1.61468,1.00234,1.17427,2.45675,1.79234,0.333399,0.596226,1.20986,0.506615,-0.0967736,0.673945,1.09113,0.848585,-0.417385,0.47837,1.10795,2.01466,0.862551,0.173342,0.455397,0.604931,3.81204,1.12046,0.297251,-0.15147,0.457149,0.797071,0.0945259,-0.20991,0.575695,1.91262,0.590369,0.834902,1.32101,0.58848,-0.13996,0.233398,0.69029,-0.224056,0.0230716,0.128586,0.978213,1.03007,1.26378,0.172143,0.62132,1.04405,1.10262,0.752128,1.02465,0.892766,-0.057288,0.341861,0.355177,0.521128,0.325993,0.155427,0.361172,1.04113,1.0665,0.939741,1.38507,1.57069,1.00064,1.44147,0.740761,0.660583,2.0006,1.39276,1.8188,2.2046,4.1145
556,0,0,0,0,0,0,0,0,0,0,0,0,0,0,0,0,0,0,0,0,0,0,0,0,4.54546,2.07934,1.37022,2.22541,0.707068,1.28953,2.23215,2.20814,0.476215,-0.394299,1.39356,1.6638,0.919301,1.37348,1.66161,0.10006,0.198266,0.633386,0.667527,-0.624805,1.4042,0.731382,2.21262,-0.137215,-0.027074,1.04519,1.59924,0.00993818,0.540125,0.546886,0.935862,3.20047,0.332399,0.882319,-0.362087,0.0715148,0.629985,-0.0597529,-0.054494,0.423623,1.89352,0.882823,0.588569,1.50906,0.707524,0.12817,0.0503899,0.767589,0.0792668,0.274302,-0.265021,0.759839,0.885616,1.32985,0.257721,0.830119,0.798218,1.24978,0.969724,1.15762,1.3925,-0.0220956,0.203134,0.447634,0.47623,0.547975,0.178582,0.737265,1.10829,1.11466,0.852979,1.19585,1.43724,1.20388,1.04321,1.02865,0.789907,1.59067,1.18475,1.33663,1.84013,2.8634
558,0,0,0,0,0,0,0,0,0,0,0,0,0,0,0,0,0,0,0,0,0,0,0,0,0,1.8815,1.54822,2.39244,0.99643,1.0999,1.34514,0.913482,0.893339,0.556899,1.45588,1.52444,0.953811,1.36649,1.42722,0.703867,0.239278,0.559935,0.00271285,-0.507352,1.34968,0.434291,3.39356,1.33804,0.945484,0.866472,1.46786,-0.0247756,0.970581,-0.31831,0.76997,0.0669636,0.667973,0.310191,0.159843,0.834484,0.180381,-0.495531,-0.203628,0.970042,1.91142,0.519474,0.792517,0.994872,0.439663,0.245376,0.219422,0.608551,0.17033,0.0619366,-0.0758134,0.643711,-0.0476535,1.32553,0.39048,0.821781,1.151,0.732485,0.877309,1.23776,1.52305,0.181809,0.745491,0.335159,0.410663,0.777429,0.323668,0.515054,1.17373,0.909503,0.916374,0.952705,1.41564,1.2147,0.412227,1.2147,0.680661,1.51543,1.07017,1.19001,1.45871,2.12748
560,0,0,0,0,0,0,0,0,0,0,0,0,0,0,0,0,0,0,0,0,0,0,0,0,0,2.70289,2.21478,1.79101,1.59697,-0.0111437,-0.104437,0.835576,1.12072,1.69477,1.63802,0.605597,-0.342972,2.29718,1.5354,1.01866,-1.00789,1.11674,0.15357,0.10045,0.738254,-0.0394135,2.22699,0.798837,0.810826,1.13407,2.72371,0.808478,0.515953,-0.135444,1.26005,0.463238,1.48491,-0.121889,0.270724,0.555232,0.178994,-0.530659,-0.092014,0.826585,1.43505,0.227163,0.651082,0.535451,0.337008,-0.210248,0.0602727,0.355916,0.169395,-0.04387,-0.14971,0.661333,0.337605,0.689671,0.246319,0.732021,0.941694,0.286081,0.503402,1.29201,1.44403,0.136456,0.948456,0.133454,0.69936,0.798421,0.314932,0.507475,0.978449,0.833056,0.778288,1.22389,1.47992,0.87633,0.42725,1.20784,0.377094,1.21393,0.672017,0.779846,1.05094,1.79387
