TITLE,F603b
DATA TYPE,FLUORESCENCE SPECTRUM
ORIGIN,JASCO
OWNER,
DATE,2024/10/31
TIME,15:23:17
SPECTROMETER/DATA SYSTEM,JASCO Corp., FP-8350, Rev. 1.00
DELTAX,2
XUNITS,NANOMETERS
YUNITS,INTENSITY
FIRSTX,  300.0000
LASTX,  560.0000
NPOINTS,     131
FIRSTY,   322.74875
MAXY,   714.30487
MINY,     0.00000
XYDATA
,240,242,244,246,248,250,252,254,256,258,260,262,264,266,268,270,272,274,276,278,280,282,284,286,288,290,292,294,296,298,300,302,304,306,308,310,312,314,316,318,320,322,324,326,328,330,332,334,336,338,340,342,344,346,348,350,352,354,356,358,360,362,364,366,368,370,372,374,376,378,380,382,384,386,388,390,392,394,396,398,400,402,404,406,408,410,412,414,416,418,420,422,424,426,428,430,432,434,436,438,440,442,444,446,448,450
300,322.749,307.707,324.9,363.674,404.135,422.35,501.782,575.081,694.814,768.462,914.194,1105.49,1379.83,2372.62,4631.04,6843.39,7106,4961.17,2580.63,1250.29,721.845,501.976,416.517,340.04,318.899,344.442,0,0,0,0,0,0,0,0,0,0,0,0,0,0,0,0,0,0,0,0,0,0,0,0,0,0,0,0,0,0,0,0,0,0,0,0,0,0,0,0,0,0,0,0,0,0,0,0,0,0,0,0,0,0,0,0,0,0,0,0,0,0,0,0,0,0,0,0,0,0,0,0,0,0,0,0,0,0,0,0
302,375.95,328.566,332.855,393.432,436.865,444.602,514.768,584.248,676.682,775.843,918.967,1058.46,1199.95,1618.37,2884.46,5140.89,7059.68,6523,4174.81,1996.65,909.06,512.46,405.285,342.007,311.285,278.458,322.875,0,0,0,0,0,0,0,0,0,0,0,0,0,0,0,0,0,0,0,0,0,0,0,0,0,0,0,0,0,0,0,0,0,0,0,0,0,0,0,0,0,0,0,0,0,0,0,0,0,0,0,0,0,0,0,0,0,0,0,0,0,0,0,0,0,0,0,0,0,0,0,0,0,0,0,0,0,0,0
304,385.827,360.123,359.633,423.896,451.233,470.271,526.727,599.609,686.638,809.065,887.976,1019.11,1128.74,1343.83,1815.55,3140,5512.3,6923.76,6011.47,3459.17,1535.37,640.877,404.432,343.8,313.954,273.751,252.511,300.276,0,0,0,0,0,0,0,0,0,0,0,0,0,0,0,0,0,0,0,0,0,0,0,0,0,0,0,0,0,0,0,0,0,0,0,0,0,0,0,0,0,0,0,0,0,0,0,0,0,0,0,0,0,0,0,0,0,0,0,0,0,0,0,0,0,0,0,0,0,0,0,0,0,0,0,0,0,0
306,382.348,377.328,417.352,424.865,469.961,490.143,542.07,611.865,706.268,802.193,870.511,1001.66,1105.05,1236.52,1425.58,1898.07,3426.05,5662.82,6699.21,5287.75,2886.75,1190.64,519.391,353.388,309.619,278.821,236.645,246.777,287.619,0,0,0,0,0,0,0,0,0,0,0,0,0,0,0,0,0,0,0,0,0,0,0,0,0,0,0,0,0,0,0,0,0,0,0,0,0,0,0,0,0,0,0,0,0,0,0,0,0,0,0,0,0,0,0,0,0,0,0,0,0,0,0,0,0,0,0,0,0,0,0,0,0,0,0,0,0
308,414.657,388.583,436.494,444.889,495.027,517.449,563.303,660.213,698.185,803.789,875.677,977.341,1075.43,1144.25,1266.21,1410.1,2006.47,3675.39,5796.97,6276.69,4603.5,2352.11,923.06,430.324,309.115,273.8,236.05,231.619,235.564,284.782,0,0,0,0,0,0,0,0,0,0,0,0,0,0,0,0,0,0,0,0,0,0,0,0,0,0,0,0,0,0,0,0,0,0,0,0,0,0,0,0,0,0,0,0,0,0,0,0,0,0,0,0,0,0,0,0,0,0,0,0,0,0,0,0,0,0,0,0,0,0,0,0,0,0,0,0
310,397.278,409.188,452.851,473.949,493.648,511.12,584.692,638.777,680.362,763.624,862.853,938.044,1029.35,1057.7,1169.36,1220.99,1348.89,2083.81,3862.23,5684.32,5856.33,4064.23,1937.97,765.072,370.966,274.865,243.064,236.501,217.376,224.286,273.355,0,0,0,0,0,0,0,0,0,0,0,0,0,0,0,0,0,0,0,0,0,0,0,0,0,0,0,0,0,0,0,0,0,0,0,0,0,0,0,0,0,0,0,0,0,0,0,0,0,0,0,0,0,0,0,0,0,0,0,0,0,0,0,0,0,0,0,0,0,0,0,0,0,0,0
312,421.725,460.834,460.329,466.785,491.319,494.408,582.596,629.708,655.448,763.096,828.496,911.453,988.236,988.307,1081.44,1128.6,1154.53,1343.38,2202.21,4026.48,5671.28,5341.72,3392.17,1585.95,613.343,310.988,253.453,232.406,217.994,206.873,209.348,251.512,0,0,0,0,0,0,0,0,0,0,0,0,0,0,0,0,0,0,0,0,0,0,0,0,0,0,0,0,0,0,0,0,0,0,0,0,0,0,0,0,0,0,0,0,0,0,0,0,0,0,0,0,0,0,0,0,0,0,0,0,0,0,0,0,0,0,0,0,0,0,0,0,0,0
314,457.578,471.323,455.532,470.311,501.332,507.708,559.136,594.05,635.56,726.425,771.089,856.363,918.129,942.561,1005.41,1063.76,1065.41,1101.93,1302.07,2299.3,4144.09,5431.88,4738.51,2922.88,1257.38,482.539,282.33,233.461,212.949,205.481,192.892,196.307,242.465,0,0,0,0,0,0,0,0,0,0,0,0,0,0,0,0,0,0,0,0,0,0,0,0,0,0,0,0,0,0,0,0,0,0,0,0,0,0,0,0,0,0,0,0,0,0,0,0,0,0,0,0,0,0,0,0,0,0,0,0,0,0,0,0,0,0,0,0,0,0,0,0,0
316,454.831,462.972,466.005,473.895,501.026,495.012,531.869,582.744,628.043,693.361,745.397,813.342,848.149,935.611,957.053,992.386,1002.72,986.788,957.24,1256.03,2378.7,4212.95,5142.69,4300.16,2382.52,975.3,390.69,255.938,215.571,199.942,190.413,181.94,186.981,234.683,0,0,0,0,0,0,0,0,0,0,0,0,0,0,0,0,0,0,0,0,0,0,0,0,0,0,0,0,0,0,0,0,0,0,0,0,0,0,0,0,0,0,0,0,0,0,0,0,0,0,0,0,0,0,0,0,0,0,0,0,0,0,0,0,0,0,0,0,0,0,0,0
318,448.716,444.103,456.537,487.376,486.496,480.883,528.698,591.266,631.372,657.995,732.577,756.326,799.055,904.537,914.741,913.684,944.202,927.208,840.073,856.094,1222.25,2480.7,4215.94,4892.85,3762.52,1995.15,752.887,339.145,220.898,204.473,194.834,181.312,172.042,185.104,217.752,0,0,0,0,0,0,0,0,0,0,0,0,0,0,0,0,0,0,0,0,0,0,0,0,0,0,0,0,0,0,0,0,0,0,0,0,0,0,0,0,0,0,0,0,0,0,0,0,0,0,0,0,0,0,0,0,0,0,0,0,0,0,0,0,0,0,0,0,0,0,0
320,459.322,420.871,446.485,486.834,492.616,492.944,522.88,565.422,618.76,635.658,696.211,724.249,780.561,844.606,867.351,893.694,876.654,885.537,801.329,744.891,757.997,1300.24,2636.84,4208.19,4524.85,3222.19,1539.86,628.277,264.469,209.838,187.134,175.339,164.327,156.518,161.18,208.638,0,0,0,0,0,0,0,0,0,0,0,0,0,0,0,0,0,0,0,0,0,0,0,0,0,0,0,0,0,0,0,0,0,0,0,0,0,0,0,0,0,0,0,0,0,0,0,0,0,0,0,0,0,0,0,0,0,0,0,0,0,0,0,0,0,0,0,0,0,0
322,444.763,438.942,460.202,467.095,489.83,490.535,538.754,552.629,579.502,635.023,629.994,707.636,746.76,785.083,833.014,822.174,827.964,830.084,761.118,691.21,615.093,748.864,1381.06,2762.97,4131.21,4073.98,2675.61,1310.92,470.604,230.799,182.571,169.859,163.22,153.645,146.231,151.487,207.075,0,0,0,0,0,0,0,0,0,0,0,0,0,0,0,0,0,0,0,0,0,0,0,0,0,0,0,0,0,0,0,0,0,0,0,0,0,0,0,0,0,0,0,0,0,0,0,0,0,0,0,0,0,0,0,0,0,0,0,0,0,0,0,0,0,0,0,0,0
324,448.333,485.017,467.533,439.393,487.758,490.916,528.982,544.896,569.091,603.558,607.258,647.262,703.868,767.29,778.785,771.553,775.157,765.279,724.782,664.68,572.391,579.66,744.265,1473.75,2904.27,3977.25,3610.35,2361.04,953.989,366.505,209.946,176.745,166.033,162.356,147.779,142.351,156.325,183.561,0,0,0,0,0,0,0,0,0,0,0,0,0,0,0,0,0,0,0,0,0,0,0,0,0,0,0,0,0,0,0,0,0,0,0,0,0,0,0,0,0,0,0,0,0,0,0,0,0,0,0,0,0,0,0,0,0,0,0,0,0,0,0,0,0,0,0,0
326,465.862,479.137,459.159,432.793,512.6,487.482,511.124,554.422,573.713,581.573,621.832,624.536,678.545,732.983,734.609,761.387,750.246,739.17,707.773,649.333,547.665,533.95,553.85,783.675,1624.28,2966.24,3741.01,3264.91,1794.9,763.838,303.708,190.991,170.64,164.13,152.339,141.084,138.732,142.859,180.923,0,0,0,0,0,0,0,0,0,0,0,0,0,0,0,0,0,0,0,0,0,0,0,0,0,0,0,0,0,0,0,0,0,0,0,0,0,0,0,0,0,0,0,0,0,0,0,0,0,0,0,0,0,0,0,0,0,0,0,0,0,0,0,0,0,0,0
328,452.957,435.79,442.478,456.732,514.436,507.33,500.433,538.111,537.723,559.712,604.577,611.115,638.35,674.45,712.151,735.247,708.542,727.655,683.096,627.761,563.013,516.243,490.497,525.65,810.289,1683.62,2923.11,3480.09,2732.41,1524.89,615.037,272.623,180.754,171.522,153.852,146.381,139.154,132.18,145.838,171.002,0,0,0,0,0,0,0,0,0,0,0,0,0,0,0,0,0,0,0,0,0,0,0,0,0,0,0,0,0,0,0,0,0,0,0,0,0,0,0,0,0,0,0,0,0,0,0,0,0,0,0,0,0,0,0,0,0,0,0,0,0,0,0,0,0,0
330,447.926,438.293,441.273,490.083,478.314,511.07,482.99,516.293,516.437,538.762,578.727,596.77,612.518,662.923,695.685,687.347,678.563,709.656,655.283,615.729,569.231,507.91,478.69,465.184,523.148,867.265,1825.56,2886.64,3175.04,2359.19,1204.33,504.407,230.446,185.31,159.386,150.337,146.126,138.109,136.419,138.509,170.546,0,0,0,0,0,0,0,0,0,0,0,0,0,0,0,0,0,0,0,0,0,0,0,0,0,0,0,0,0,0,0,0,0,0,0,0,0,0,0,0,0,0,0,0,0,0,0,0,0,0,0,0,0,0,0,0,0,0,0,0,0,0,0,0,0
332,465.971,444.058,476.365,473.816,466.308,483.361,477.021,509.889,534.524,542.783,570.01,566.638,567.357,635.388,690.963,666.926,676.714,683.222,629.778,603.542,559.264,521.545,485.332,441.151,455.545,503.241,957.252,1857.86,2873.59,2928.02,2004.32,998.257,390.389,221.174,173.594,158.628,153.284,150.572,140.673,130.934,142.049,167.627,0,0,0,0,0,0,0,0,0,0,0,0,0,0,0,0,0,0,0,0,0,0,0,0,0,0,0,0,0,0,0,0,0,0,0,0,0,0,0,0,0,0,0,0,0,0,0,0,0,0,0,0,0,0,0,0,0,0,0,0,0,0,0,0
334,462.421,460.583,478.589,454.129,450.329,469.955,480.911,495.63,524.721,529.261,556.045,558.061,558.966,608.759,664.153,647.78,661.449,637.651,636.573,589.504,554.19,521.913,485.113,443.232,443.884,416.316,546.163,969.833,2011.52,2804.88,2661.02,1700.4,785.139,328.818,197.409,166.325,160.499,154.716,144.51,137.24,134.245,137.06,167.197,0,0,0,0,0,0,0,0,0,0,0,0,0,0,0,0,0,0,0,0,0,0,0,0,0,0,0,0,0,0,0,0,0,0,0,0,0,0,0,0,0,0,0,0,0,0,0,0,0,0,0,0,0,0,0,0,0,0,0,0,0,0,0
336,446.686,469.898,467.041,463.611,461.881,471.047,471.834,494.941,503.232,543.065,544.895,557.665,565.509,578.696,631.657,627.486,626.476,616.878,633.933,576.529,540.635,512.184,484.29,448.437,429.379,385.519,422.433,520.233,1160.31,2112.88,2734.35,2347.09,1414.51,638.819,278.981,186.061,171.136,160.76,144.84,148.625,141.886,123.665,136.4,161.173,0,0,0,0,0,0,0,0,0,0,0,0,0,0,0,0,0,0,0,0,0,0,0,0,0,0,0,0,0,0,0,0,0,0,0,0,0,0,0,0,0,0,0,0,0,0,0,0,0,0,0,0,0,0,0,0,0,0,0,0,0,0
338,435.698,462.706,466.742,468.322,440.191,476.623,473.974,498.041,521.114,521.738,535.886,547.336,586.617,575.277,611.471,621.446,593.355,630.525,617.493,573.761,532.998,514.775,485.512,452.928,430.32,385.991,387.355,389.73,634.642,1277.71,2191.74,2526.85,2053.87,1163.81,507.937,236.903,183.814,170.514,153.62,150.02,149.957,129.993,129.065,134.179,163.273,0,0,0,0,0,0,0,0,0,0,0,0,0,0,0,0,0,0,0,0,0,0,0,0,0,0,0,0,0,0,0,0,0,0,0,0,0,0,0,0,0,0,0,0,0,0,0,0,0,0,0,0,0,0,0,0,0,0,0,0,0
340,478.631,472.487,503.226,457.625,441.708,490.374,462.928,488.536,513.994,509.999,520.651,542.102,558.243,573.45,596.529,602.19,582.386,635.37,618.357,568.371,542.943,516.31,495.841,459.696,436.584,386.715,371.62,366.893,412.119,675.931,1369.71,2123.46,2374.53,1800.11,971.722,426.612,225.392,183.678,159.15,150.563,145.187,141.364,132.815,126.568,133.898,159.353,0,0,0,0,0,0,0,0,0,0,0,0,0,0,0,0,0,0,0,0,0,0,0,0,0,0,0,0,0,0,0,0,0,0,0,0,0,0,0,0,0,0,0,0,0,0,0,0,0,0,0,0,0,0,0,0,0,0,0,0
342,526.337,473.424,483.775,451.621,468.396,483.696,460.466,472.632,485.74,493.27,530.199,546.949,560.369,570.94,565.953,582.41,582.489,617.293,606.772,575.638,550.439,519.557,494.797,458.053,443.111,398.557,363.766,365.704,350.676,421.4,753.715,1452.31,2175.39,2200.21,1542.97,787.257,340.217,208.876,168.68,160.699,149.853,147.758,139.04,130.95,122.994,134.464,149.766,0,0,0,0,0,0,0,0,0,0,0,0,0,0,0,0,0,0,0,0,0,0,0,0,0,0,0,0,0,0,0,0,0,0,0,0,0,0,0,0,0,0,0,0,0,0,0,0,0,0,0,0,0,0,0,0,0,0,0
344,522.793,483.102,468.174,481.534,461.156,466.801,481.756,476.12,504.087,487.597,543.385,542.15,573.009,571.375,560.826,563.053,559.039,584.306,590.688,579.575,546.79,513.166,488.444,458.785,444.842,407.69,373.499,361.623,333.492,346.862,441.633,816.803,1546.86,2145.39,2008.95,1333.58,628.587,307.774,189.186,169.462,158.969,150.198,146.63,139.525,127.187,122.944,122.996,153.409,0,0,0,0,0,0,0,0,0,0,0,0,0,0,0,0,0,0,0,0,0,0,0,0,0,0,0,0,0,0,0,0,0,0,0,0,0,0,0,0,0,0,0,0,0,0,0,0,0,0,0,0,0,0,0,0,0,0
346,521.229,495.036,492.53,519.862,471.67,459.664,503.642,511.618,503.329,497.583,522.665,521.024,556.09,572.156,574.624,565.066,573.352,571.914,582.576,564.577,529.312,521.278,495.115,467.906,437.046,408.45,377.008,367.398,331.377,335.625,355.392,489.966,924.645,1650.77,2080.33,1820.81,1088.46,536.181,257.016,179.746,163.603,160.045,150.907,148.11,134.193,123.478,117.508,125.077,149.53,0,0,0,0,0,0,0,0,0,0,0,0,0,0,0,0,0,0,0,0,0,0,0,0,0,0,0,0,0,0,0,0,0,0,0,0,0,0,0,0,0,0,0,0,0,0,0,0,0,0,0,0,0,0,0,0,0
348,539.384,482.559,502.647,502.125,450.104,491.014,524.689,528.948,498.242,513.209,518.474,540.185,556.029,576.964,582.899,585.561,578.157,572.84,577.646,561.086,532.65,526.47,496.011,476.515,429.098,416.1,387.641,384.621,346.35,338.528,335.501,364.892,542.538,1033.52,1700.53,2008.93,1599.86,922.144,416.341,213.792,172.051,169.987,158.91,150.237,142.996,132.759,120.52,112.727,122.217,137.434,0,0,0,0,0,0,0,0,0,0,0,0,0,0,0,0,0,0,0,0,0,0,0,0,0,0,0,0,0,0,0,0,0,0,0,0,0,0,0,0,0,0,0,0,0,0,0,0,0,0,0,0,0,0,0,0
350,556.629,463.341,512.805,512.45,444.07,496.991,501.038,509.157,489.036,510.27,537.121,548.208,563.251,572.155,569.287,598.55,590.346,558.644,569.831,567.209,540.137,527.585,501.805,476.313,441.701,421.204,394.876,387.293,359.155,341.635,325.839,333.326,381.602,588.818,1111.64,1748.03,1866.34,1388.87,746.642,338.949,203.534,171.111,165.119,149.487,147.404,138.177,129.048,118.046,112.827,113.44,143.729,0,0,0,0,0,0,0,0,0,0,0,0,0,0,0,0,0,0,0,0,0,0,0,0,0,0,0,0,0,0,0,0,0,0,0,0,0,0,0,0,0,0,0,0,0,0,0,0,0,0,0,0,0,0,0
352,541.415,487.474,527.683,499.635,489.347,501.466,499.618,497.705,500.424,520.265,527.415,537.061,579.556,570.738,594.669,596.619,588.521,556.916,569.997,556.387,533.061,523.947,504.292,487.446,453.1,430.598,398.047,385.909,369.477,345.796,337.067,336.774,335.341,376.743,635.388,1201.24,1727.77,1726.91,1200.48,593.721,306.532,186.028,171.319,156.738,156.599,141.519,138.969,121.667,113.164,110.882,115.752,142.578,0,0,0,0,0,0,0,0,0,0,0,0,0,0,0,0,0,0,0,0,0,0,0,0,0,0,0,0,0,0,0,0,0,0,0,0,0,0,0,0,0,0,0,0,0,0,0,0,0,0,0,0,0,0
354,517.981,488.362,528.229,502.072,514.939,503.889,519.076,495.366,515.151,517.92,549.235,558.82,581.902,565.337,593.194,582.873,582.829,567.374,573.085,567.756,530.495,539.552,507.705,487.756,449.434,437.664,410.991,388.888,380.642,362.545,341.596,343.181,327.111,325.763,413.809,719.22,1291.29,1696.56,1581.62,976.634,504.427,257.144,183.641,172.59,165.261,144.419,140.662,129.676,120.338,110.202,105.852,118.053,134.827,0,0,0,0,0,0,0,0,0,0,0,0,0,0,0,0,0,0,0,0,0,0,0,0,0,0,0,0,0,0,0,0,0,0,0,0,0,0,0,0,0,0,0,0,0,0,0,0,0,0,0,0,0
356,530.018,505.238,505.212,520.189,533.845,508.764,529.909,505.188,537.232,522.717,553.025,565.101,594.592,565.365,580.762,584.683,595.344,584.326,551.706,562.389,523.715,542.406,515.051,493.416,463.523,444.59,420.433,404.217,380.345,377.213,345.75,336.318,326.414,315.776,339.491,446.12,809.769,1362.22,1687.6,1386.71,845.817,427.918,242.61,186.138,169.62,152.918,142.376,136.491,132.548,116.418,105.615,111.962,107.462,136.45,0,0,0,0,0,0,0,0,0,0,0,0,0,0,0,0,0,0,0,0,0,0,0,0,0,0,0,0,0,0,0,0,0,0,0,0,0,0,0,0,0,0,0,0,0,0,0,0,0,0,0,0
358,543.092,548.501,506.001,516.478,526.388,514.891,529.4,530.307,556.426,558.045,541.456,559.513,601.213,584.059,597.838,583.268,604.749,585.61,549.283,546.018,536.645,543.957,526.813,507.462,485.639,454.208,428.631,419.779,389.883,386.155,354.503,343.673,334.526,321.452,325.07,355.73,497.608,904.059,1425.87,1597.45,1268.86,740.795,380.637,223.109,181.039,164.188,154.105,140.413,139.645,125.899,114.753,115.225,101.206,114.736,128.191,0,0,0,0,0,0,0,0,0,0,0,0,0,0,0,0,0,0,0,0,0,0,0,0,0,0,0,0,0,0,0,0,0,0,0,0,0,0,0,0,0,0,0,0,0,0,0,0,0,0,0
360,563.903,544.567,539.026,532.088,544.718,531.508,556.434,569.082,573.932,580.047,562.026,576.23,619.516,611.062,619.319,603.969,595.675,592.904,574.509,554.353,575.401,538.731,530.396,512.65,493.857,461.074,434.097,423.784,405.294,386.572,361.485,351.104,339.78,333.017,317.758,333.541,365.713,528.359,961.901,1481.35,1552.56,1142,636.337,332.981,210.872,175.768,162.843,145.933,143.982,136.304,123.091,120.374,105.955,107.456,110.087,134.597,0,0,0,0,0,0,0,0,0,0,0,0,0,0,0,0,0,0,0,0,0,0,0,0,0,0,0,0,0,0,0,0,0,0,0,0,0,0,0,0,0,0,0,0,0,0,0,0,0,0
362,580.726,580.021,550.107,554.635,569.338,565.867,567.45,587.128,598.256,588.168,596.228,582.455,613.678,632.91,634.958,622.274,625.5,634.697,594.116,580.526,574.712,542.995,547.938,505.732,495.309,470.742,434.177,420.777,416.043,384.179,375.569,364.166,352.196,342.865,328.429,331.968,333.113,375.462,603.294,1104.26,1492.06,1433.41,1008.41,556.311,300.046,201.612,170.463,154.39,145.233,139.944,134.007,130.714,113.881,110.719,106.236,115.612,139.008,0,0,0,0,0,0,0,0,0,0,0,0,0,0,0,0,0,0,0,0,0,0,0,0,0,0,0,0,0,0,0,0,0,0,0,0,0,0,0,0,0,0,0,0,0,0,0,0,0
364,591.673,603.81,537.611,579.853,574.441,548.046,582.034,595.938,589.411,596.807,619.199,607.901,652.561,639.277,636.839,642.499,664.075,651.346,619.247,587.537,577.55,556.698,544.438,520.412,504.37,480.716,441.775,425.496,419.754,394.012,387.583,377.762,360.21,355.321,343.17,334.372,332.708,335.598,418.697,721.796,1141.94,1468.05,1344.96,909.746,506.523,277.322,188.562,168.02,157.012,150.559,140.441,136.895,121.326,115.95,105.073,108.719,118.086,128.592,0,0,0,0,0,0,0,0,0,0,0,0,0,0,0,0,0,0,0,0,0,0,0,0,0,0,0,0,0,0,0,0,0,0,0,0,0,0,0,0,0,0,0,0,0,0,0,0
366,608.053,603.5,567.771,599.617,578.814,549.084,580.16,593.832,582.691,618.209,621.526,631.016,675.818,652.903,629.217,655.673,660.992,647.803,625.174,617.224,583.909,566.147,546.743,544.35,512.429,486.412,472.414,440.891,422.002,419.054,398.986,376.043,365.459,355.779,355.684,334.655,332.123,336.596,352.503,476.046,760.203,1223.73,1482.11,1271.7,822.885,441.836,248.441,191.274,169.992,161.711,147.693,137.736,132.103,127.737,108.855,106.223,104.261,114.402,142.667,0,0,0,0,0,0,0,0,0,0,0,0,0,0,0,0,0,0,0,0,0,0,0,0,0,0,0,0,0,0,0,0,0,0,0,0,0,0,0,0,0,0,0,0,0,0,0
368,618.768,615.303,596.79,618.691,562.67,578.742,586.904,594.866,595.835,623.297,645.062,662.689,698.346,672.751,653.884,683.001,688.702,655.549,643.367,643.899,608.392,575.032,584.539,559.208,516.73,503.512,489.403,459.921,430.779,431.094,408.005,388.934,384.044,362.884,360.907,345.218,337.494,338.946,337.783,355.806,474.193,831.633,1302.83,1477.35,1197.75,722.764,410.738,245.377,189.999,172.114,160.107,145.06,138.571,136.542,122.449,116.2,109.148,107.87,118.896,130.792,0,0,0,0,0,0,0,0,0,0,0,0,0,0,0,0,0,0,0,0,0,0,0,0,0,0,0,0,0,0,0,0,0,0,0,0,0,0,0,0,0,0,0,0,0,0
370,644.759,630.297,589.57,600.236,557.01,582.453,618.381,619.044,628.09,643.733,652.773,694.561,713.438,702.843,671.67,715.65,712.016,687.117,663.402,644.521,619.664,584.612,608.474,541.12,518.946,525.019,485.722,471.644,447.642,438.831,420.566,410.398,397.441,376.393,366.721,355.777,349.015,343.135,341.418,335.52,364.524,540.533,955.055,1376.17,1445.43,1107.19,679.955,381.273,241.291,186.698,169.377,156.909,146.436,144.128,132.219,125.53,115.007,107.274,103.874,111.429,136.671,0,0,0,0,0,0,0,0,0,0,0,0,0,0,0,0,0,0,0,0,0,0,0,0,0,0,0,0,0,0,0,0,0,0,0,0,0,0,0,0,0,0,0,0,0
372,681.877,629.896,628.293,601.731,578.296,573.623,622.138,643.36,665.626,688.431,691.941,701.078,702.818,715.042,693.994,717.794,714.313,693.096,670.839,653.483,628.34,597.117,602.883,550.851,542.348,530.88,497.639,482.961,459.264,449.452,426.096,427.493,404.217,381.217,379.717,366.587,354.379,346.547,335.889,344.311,342.86,392.072,606.823,1032.03,1417,1424.65,1050.76,651.977,362.744,225.409,183.118,165.113,152.301,146.352,139.69,135.906,117.944,109.268,100.67,102.908,119.889,136.593,0,0,0,0,0,0,0,0,0,0,0,0,0,0,0,0,0,0,0,0,0,0,0,0,0,0,0,0,0,0,0,0,0,0,0,0,0,0,0,0,0,0,0,0
374,674.387,625.76,658.424,634.739,609.938,607.226,614.813,636.774,675.954,710.816,712.985,695.379,708.091,736.99,717.475,736.318,724.56,697.992,683.869,666.366,644.59,608.877,600.445,572.741,570.563,528.333,503.547,485.462,472.54,453.572,429.991,429.264,407.967,385.21,392.259,380.048,362.057,346.917,332.101,347.642,339.484,347.593,408.506,671.446,1109.76,1460.33,1397.96,1013.03,590.403,314.117,214.502,178.414,158.367,150.739,145.877,141.827,124.638,119.529,107.252,104.53,105.435,116.644,135.933,0,0,0,0,0,0,0,0,0,0,0,0,0,0,0,0,0,0,0,0,0,0,0,0,0,0,0,0,0,0,0,0,0,0,0,0,0,0,0,0,0,0,0
376,623.923,653.479,641.536,627.595,638.338,618.339,624.305,655.246,660.975,720.005,713.162,705.436,738.04,753.677,758.974,736.924,759.656,699.883,686.434,692.502,636.16,616.697,610.27,586.468,583.879,530.534,507.017,495.573,483.019,461.025,440.708,433.547,423.098,415.291,398.068,391.958,368.579,352.798,345.584,340.366,336.637,343.381,348.097,452.223,746.847,1237.73,1493.75,1344.12,949.757,522.435,286.37,201.354,169.851,162.515,156.195,145.747,135.851,128.72,114.067,106.081,100.246,105.59,114.766,127.557,0,0,0,0,0,0,0,0,0,0,0,0,0,0,0,0,0,0,0,0,0,0,0,0,0,0,0,0,0,0,0,0,0,0,0,0,0,0,0,0,0,0
378,640.032,629.394,621.36,630.816,648.721,627.847,631.963,630.675,676.19,714.058,714.689,712.444,741.967,768.141,763.513,760.3,773.61,694.745,709.891,693.476,650.117,627.384,615.208,593.992,586.561,544.061,526.148,499.456,490.1,473.881,449.263,443.41,433.327,420.184,411.996,400.876,386.164,370.7,364.783,341.999,339.552,339.021,329.938,355.581,490.609,860.561,1291.07,1517.63,1345.73,877.592,476.751,279.207,194.463,168.865,162.716,146.371,140.902,133.043,121.887,110.843,102.943,99.5809,101.965,107.797,137.484,0,0,0,0,0,0,0,0,0,0,0,0,0,0,0,0,0,0,0,0,0,0,0,0,0,0,0,0,0,0,0,0,0,0,0,0,0,0,0,0,0
380,635.128,637.92,630.664,664.116,680.582,644.694,631.587,640.57,715.544,686.001,714.019,710.27,739.374,781.472,765.999,777.818,756.017,713.399,721.398,686.565,673.153,625.125,617.684,594.529,593.959,540.886,524.738,508.875,497.745,475.543,452.388,450.74,437.86,419.329,414.327,404.046,403.466,385.005,372.723,356.906,343.92,326.45,323.818,335.254,377.416,541.345,941.146,1404.4,1584.03,1278.38,798.134,441.569,245.473,183.986,164.797,155.645,145.237,138.272,129.041,118.903,110.872,100.715,96.3442,96.645,115.208,129.936,0,0,0,0,0,0,0,0,0,0,0,0,0,0,0,0,0,0,0,0,0,0,0,0,0,0,0,0,0,0,0,0,0,0,0,0,0,0,0,0
382,663.578,654.536,672.08,671.419,675.792,654.08,661.032,664.877,709.553,689.019,724.463,752.764,736.47,795.846,765.976,773.414,726.645,731.12,716.306,689.325,684.328,644.3,624.909,598.479,570.997,537.514,527.024,513.435,493.575,479.602,463.103,449.596,446.748,428.573,424.384,409.13,405.79,386.729,375.189,369.325,335.457,331.705,334.318,337.045,348.529,393.083,606.69,1052.59,1508.77,1556.77,1194.08,728.194,385.831,232.001,171.171,163.884,152.083,141.397,129.712,126.12,116.545,109.073,97.3269,90.8468,100.169,107.694,126.813,0,0,0,0,0,0,0,0,0,0,0,0,0,0,0,0,0,0,0,0,0,0,0,0,0,0,0,0,0,0,0,0,0,0,0,0,0,0,0
384,681.927,668.792,667.686,669.558,659.724,649.988,685.299,682.308,696.448,695.017,743.359,743.484,740.533,780.116,747.672,783.004,736.542,734.441,724.429,697.005,683.281,652.496,627.516,598.364,555.907,554.907,533.055,519.766,485.361,479.474,472.468,448.113,450.214,431.225,431.42,407.74,403.627,384.276,382.524,374.753,343.918,341.187,337.145,324.766,337.645,337.73,415.774,681.201,1180.33,1577.22,1558.43,1133.07,658.357,356.338,205.792,173.276,160.712,144.588,136.453,129.142,120.596,114.258,105.495,92.8462,93.5276,95.1338,105.439,129.217,0,0,0,0,0,0,0,0,0,0,0,0,0,0,0,0,0,0,0,0,0,0,0,0,0,0,0,0,0,0,0,0,0,0,0,0,0,0
386,680.836,669.148,670.555,652.093,648.108,636.576,692.098,689.121,695.673,701.56,751.089,739.158,752.754,759.119,743.988,793.011,770.459,757.175,728.478,692.45,679.265,656.902,621.909,607.511,571.246,553.43,536.295,516.353,490.162,480.708,478.254,466.665,442.341,435.337,425.563,413.839,397.899,399.065,387.978,367.114,350.999,347.397,335.57,314.489,324.843,318.478,342.913,456.864,775.698,1300.52,1649.14,1518.33,1069.69,593.991,303.893,198.273,165.997,145.718,143.482,136.622,122.221,118.84,111.512,98.6954,94.6956,88.4435,93.7177,105.763,117.45,0,0,0,0,0,0,0,0,0,0,0,0,0,0,0,0,0,0,0,0,0,0,0,0,0,0,0,0,0,0,0,0,0,0,0,0,0
388,698.518,678.033,681.178,644.52,643.826,658.18,660.365,667.525,700.588,694.445,727.215,720.686,758.202,758.372,744.742,757.999,766.464,774.799,717.523,693.646,673.831,655.802,618.701,606.416,587.79,540.797,526.488,517.984,493.311,474.501,470.539,465.364,451.088,432.058,427.906,409.575,406.833,401.79,385.737,360.347,355.998,349.245,333.62,323.502,320.741,314.713,328.763,360.113,497.728,891.856,1426.18,1671.88,1470.82,957.136,499.355,268.927,176.572,156.686,147.242,138.715,128.822,125.351,116.702,103.443,98.8251,86.7629,87.1313,92.0784,99.3712,116.784,0,0,0,0,0,0,0,0,0,0,0,0,0,0,0,0,0,0,0,0,0,0,0,0,0,0,0,0,0,0,0,0,0,0,0,0
390,714.305,689.017,676.205,671.274,671.825,674.965,668.732,680.621,698.98,714.828,717.099,730.215,775.157,756.4,761.682,764.356,759.641,774.247,728.6,694.862,674.444,643.225,615.658,592.615,576.922,540.524,523.408,528.171,482.11,463.23,461.23,464.182,457.005,420.115,431.565,412.857,407.632,388.287,384.612,358.067,356.925,353.839,349.58,333.724,320.45,317.008,323.484,319.929,362.52,556.323,1000.68,1503.15,1693.7,1385.32,856.841,442.205,238.435,177.342,150.375,142.864,132.784,121.847,118.256,108.879,104.121,90.2197,84.9386,82.3345,85.7549,97.2388,111.677,0,0,0,0,0,0,0,0,0,0,0,0,0,0,0,0,0,0,0,0,0,0,0,0,0,0,0,0,0,0,0,0,0,0,0
392,683.496,713.323,659.674,644.766,684.032,671.602,657.024,682.396,689.858,726.382,725.709,743.335,759.709,748.261,772.717,768.945,767.026,753.862,730.123,690.353,672.807,642.934,619.991,603.517,572.808,533.389,536.519,520.141,495.535,465.329,457.878,460.835,453.303,425.566,427.691,421.06,408.23,386.666,379.071,368.218,360.235,352.938,346.128,340.976,317.477,317.157,315.672,308.394,325.202,383.606,630.277,1115.58,1581.04,1666.31,1272.62,747.724,375.208,219.595,159.27,147.838,135.106,123.08,119.382,110.844,106.497,96.2237,86.6216,78.1797,78.4334,82.6484,91.5606,108.159,0,0,0,0,0,0,0,0,0,0,0,0,0,0,0,0,0,0,0,0,0,0,0,0,0,0,0,0,0,0,0,0,0,0
394,673.482,706.39,647.296,660.99,655.648,681.878,632.004,665.745,669.929,687.846,725.317,735.289,750.793,733.978,763.281,772.597,764.957,749.403,722.662,688.836,671.873,632.474,624.744,614.909,572.992,544.681,532.25,502.988,499.918,482.75,476.545,459.949,444.204,424.026,425.219,418.943,405.989,385.047,376.683,369.668,360.011,348.816,327.754,336.717,312.155,319.799,311.169,306.278,307.08,322.715,415.465,714.295,1225.82,1659.46,1606.09,1177.06,631.495,332.805,193.483,151.539,136.623,126.357,123.326,115.667,104.576,98.4214,92.3729,81.3926,74.639,75.3078,78.9687,89.6591,101.555,0,0,0,0,0,0,0,0,0,0,0,0,0,0,0,0,0,0,0,0,0,0,0,0,0,0,0,0,0,0,0,0,0
396,643.582,682.995,614.179,692.156,663.219,664.728,643.77,653.245,665.886,658.058,697.341,739.627,734.469,724.745,756.753,759.591,743.597,729,707.583,674.924,659.797,630.013,634.418,620.867,578.08,546.79,531.112,501.823,490.014,480.583,462.994,453.667,431.816,421.839,419.36,411.073,407.466,393.517,375.114,369.794,362.658,350.49,333.387,328.855,312.666,321.338,308.703,305.157,299.018,303.908,323.19,453.52,796.332,1344.83,1699.74,1563.07,1020.12,578.643,277.307,169.976,142.212,128.472,125.184,118.56,106.956,99.8705,99.0917,89.224,76.6073,70.1413,69.8419,73.7872,84.2166,100.45,0,0,0,0,0,0,0,0,0,0,0,0,0,0,0,0,0,0,0,0,0,0,0,0,0,0,0,0,0,0,0,0
398,666.423,644.669,582.989,664.707,643.69,666.129,624.023,667.295,664.739,668.499,692.739,747.907,717.439,707.898,751.186,754.523,717.267,721.153,705.387,679.378,651.283,632.39,635.361,626.375,564.648,542.951,521.376,496.425,479.325,478.86,451.832,436.525,434.95,419.484,419.314,404.148,413.682,396.377,387.239,367.969,362.755,346.004,337.996,327.202,320.974,314.962,309.042,309.143,301.088,293.104,299.62,325.977,484.399,895.489,1449.6,1712.52,1432.3,956.93,481.648,253.182,162.818,135.46,123.874,124.549,107.601,98.1587,101.995,95.6453,83.4491,71.9785,66.2996,66.1339,72.7659,82.4664,95.0065,0,0,0,0,0,0,0,0,0,0,0,0,0,0,0,0,0,0,0,0,0,0,0,0,0,0,0,0,0,0,0
400,649.492,622.553,606.062,652.52,642.229,641.788,624.352,650.805,620.037,663.457,679.156,703.654,730.765,705.487,742.704,754.939,722.472,716.075,690.139,677.436,655.944,628.936,614.151,604.532,572.906,529.405,512.292,494.256,486.546,475.654,455.98,443.373,434.878,425.346,409.45,400.666,410.887,383.152,384.111,363.653,357.429,344.696,330.957,325.285,325.134,310,305.611,304.016,301.106,286.578,287.909,287.354,339.871,535.743,1023.69,1556.58,1697.09,1362.01,813.469,423.668,220.156,152.297,131.399,125.646,113.289,100.359,100.959,95.8055,87.5579,78.6683,67.3062,63.5208,65.9816,71.1303,78.2626,93.8928,0,0,0,0,0,0,0,0,0,0,0,0,0,0,0,0,0,0,0,0,0,0,0,0,0,0,0,0,0,0
402,644.661,589.745,615.288,605.03,619.198,632.297,622.16,626.956,634.735,666.973,646.185,701.794,719.963,695.606,731.676,744.578,708.257,695.105,675.428,659.302,643.256,634.584,596.867,580.799,567.575,515.978,496.767,500.493,472.648,466.608,454.957,442.123,429.81,427.331,405.914,402.958,393.603,380.206,380.765,364.703,347.769,347.626,319.457,321.175,319.493,314.314,306.252,300.309,293.716,285.84,278.371,279.24,289.749,358.12,643.848,1177.06,1646.64,1647.41,1220.47,714.101,351.712,196.168,138.777,125.477,119.136,103.446,99.6691,90.4359,89.0336,82.5388,72.5447,65.3041,61.7996,64.2579,66.1472,78.3718,92.7787,0,0,0,0,0,0,0,0,0,0,0,0,0,0,0,0,0,0,0,0,0,0,0,0,0,0,0,0,0
404,629.464,618.482,620.052,566.43,606.087,630.498,628.208,606.548,649.578,646.851,640.013,700.976,698.296,697.348,714.303,722.701,686.245,691.782,668.086,639.132,622.56,633.316,594.551,567.213,550.969,522.51,490.976,498.097,455.005,457.291,444.282,425.18,426.963,416.445,402.616,395.992,383.331,384.628,376.563,362.791,349.324,341.562,319.82,317.328,314.294,309.21,305.841,292.444,287.156,288.259,274.637,274.488,269.309,289.434,392.806,726.888,1286.94,1665.19,1579.89,1121.16,610.95,311.595,168.429,129.378,116.769,103.451,101.674,91.3613,87.1777,82.8998,76.8109,69.8317,61.3543,59.7341,58.7003,64.0812,75.0902,93.0737,0,0,0,0,0,0,0,0,0,0,0,0,0,0,0,0,0,0,0,0,0,0,0,0,0,0,0,0
406,629.432,628.857,607.569,610.819,596.217,614.603,628.141,581.273,637.548,640.399,639.175,675.085,685.42,702.3,688.141,708.55,678.549,700.029,664.137,641.194,611.377,621.07,570.013,554.347,530.982,516.111,500.818,487.603,453.857,453.762,428.839,416.145,421.983,408.435,398.238,388.248,379.733,377.763,364.921,357.412,347.665,336.445,324.963,317.747,313.178,304.958,297.668,281.938,286.727,282.856,273.05,272.142,259.921,266.318,295.204,440.95,862.09,1382.51,1676.4,1475.11,969.486,526.248,251.718,149.378,120.021,110.3,105.613,96.6519,87.2565,83.0069,80.2601,74.1343,61.8501,59.7589,55.9684,57.3937,61.457,74.4786,86.7235,0,0,0,0,0,0,0,0,0,0,0,0,0,0,0,0,0,0,0,0,0,0,0,0,0,0,0
408,596.792,598.779,592.186,613.15,587.114,598.123,607.272,619.479,633.367,653.556,633.324,691.198,677.468,702.625,675.861,697.538,675.091,693.054,662.856,631.409,613.644,604.852,569.214,549.573,522.801,518.175,495.488,478.127,452.639,436.87,422.373,412.593,410.964,403.085,391.336,387.795,367.715,364.649,358.159,348.245,341.656,336.661,319.74,310.43,303.102,294.643,292.838,281.091,288.117,278.044,262.516,261.874,259.369,251.713,262.04,302.085,502.571,915.466,1463.15,1647.27,1375.25,883.092,441.585,220.451,142.025,114.235,110.743,100.559,90.5528,84.9759,80.5777,77.4342,68.4345,61.6457,55.1305,53.7265,54.0471,62.1192,71.6003,81.4104,0,0,0,0,0,0,0,0,0,0,0,0,0,0,0,0,0,0,0,0,0,0,0,0,0,0
410,618.673,591.866,593.816,599.542,570.745,577.797,566.297,641.935,610.836,657.909,618.219,677.628,660.346,689.579,670.572,680.406,675.29,676.689,653.953,629.219,595.884,574.239,557.494,543.339,521.068,515.405,482.769,453.295,442.444,433.508,412.913,409.306,409.444,388.024,394.654,382.386,369.013,352.616,352.285,335.555,327.49,332.094,312.861,311.011,296.851,299.599,293.269,281.807,283.503,275.23,259.09,258.139,250.672,250.814,243.572,261.108,326.864,554.152,1068.01,1530.24,1607.48,1262.89,751.773,374.748,191.177,124.936,111.388,101.416,92.1797,89.7524,76.6828,76.8685,73.1753,64.6216,55.2572,53.1337,52.3101,54.4884,61.7187,68.9654,75.3722,0,0,0,0,0,0,0,0,0,0,0,0,0,0,0,0,0,0,0,0,0,0,0,0,0
412,618.811,562.131,576.693,573.026,569.446,567.684,572.746,613.095,595.414,643.297,610.495,649.782,646.878,673.711,661.994,662.977,661.445,661.436,655.239,607.512,576.202,541.542,544.411,532.521,508.513,491.952,472.998,450.384,441.545,416.995,402.596,408.725,394.729,378.322,384.39,373.39,362.08,354.317,337.995,329.536,325.95,324.995,314.176,306.38,299.061,298.023,297.081,273.937,285.323,273.611,262.962,250.742,253.396,240.67,230.285,241.026,261.357,341.495,644.384,1151.34,1568.32,1581.88,1161.13,661.435,304.227,160.228,119.567,99.6303,92.8452,91.5321,77.3171,75.5043,71.9575,66.3617,60.4953,55.285,49.8976,48.5575,53.7255,59.386,64.3591,77.8044,0,0,0,0,0,0,0,0,0,0,0,0,0,0,0,0,0,0,0,0,0,0,0,0
414,582.775,547.57,575.533,583.456,575.752,565.982,563.607,600.792,589.881,604.308,627.447,638.499,638.666,664.566,666.721,663.712,628.298,645.811,632.229,592.026,566.873,547.268,544.575,521.787,490.611,472.429,462.542,448.378,439.878,410.294,397.408,404.575,382.66,376.989,366.36,357.079,349.765,346.321,327.312,326.859,325.55,312.216,307.698,301.592,294.154,290.515,288.337,273.922,274.655,270.691,258.964,253.645,244.993,238.313,226.22,231.241,240.754,261.842,389.236,752.516,1257.26,1604.67,1471.89,1012.38,522.965,252.884,145.501,104.673,94.5807,91.5689,80.8768,73.202,68.9448,65.4656,63.1392,58.5905,52.0798,48.5161,45.4583,49.6552,55.7356,63.4148,74.5732,0,0,0,0,0,0,0,0,0,0,0,0,0,0,0,0,0,0,0,0,0,0,0
416,571.415,531.962,585.502,572.578,583.141,549.491,550.236,603.029,578.15,614.81,609.653,618.625,630.19,637.575,645.605,639.778,623.165,623.613,608.911,596.491,571.828,542.35,531.326,516.152,490.467,466.113,460.216,426.291,425.832,409.67,393.591,391.263,373.91,373.133,347.644,343.08,351.807,334.538,321.06,323.76,319.986,307.598,291.193,294.842,289.269,277.403,278.554,267.612,270.837,263.592,255.008,253.962,243.336,236.846,225.274,227.122,228.271,233.878,266.2,427.762,832.504,1340.55,1586.01,1373.66,874.535,443.852,218.538,124.484,102.121,88.4261,80.3663,71.6078,75.0445,66.0618,63.606,61.1952,57.354,47.9628,45.039,46.1831,49.0305,54.3321,59.6741,74.2885,0,0,0,0,0,0,0,0,0,0,0,0,0,0,0,0,0,0,0,0,0,0
418,577.317,554.742,568.144,536.765,556.785,533.335,542.974,584.408,583.171,607.737,589.46,615.807,625.576,616.308,626.177,633.427,632.528,608.275,607.197,594.266,556.172,537.757,520.843,510.351,494.803,457.85,452.991,413.702,412.721,396.029,388.616,382.845,369.082,359.237,337.637,344.482,343.903,327.359,320.391,321.785,311.406,303.336,284.575,289.498,292.465,277.936,275.073,265.719,270.991,257.849,257.628,251.484,246.682,234.836,228.489,224.781,219.37,226.831,226.955,281.057,496.215,942.804,1410.76,1530,1230.6,734.5,371.424,174.146,113.821,89.1162,80.6039,74.7795,77.8429,65.8503,63.8192,60.5904,58.7637,51.2485,48.1753,45.1022,45.4722,46.7392,51.1421,60.2223,69.3569,0,0,0,0,0,0,0,0,0,0,0,0,0,0,0,0,0,0,0,0,0
420,539.268,550.363,554.924,523.925,553.978,541.047,538.195,568.247,588.141,589.397,600.415,607.751,624.635,580.092,624.964,639.445,610.354,609.031,598.757,567.57,553.731,529.837,509,500.496,479.956,454.611,438.83,403.708,406.692,381.919,389.884,375.188,355.916,347.191,339.819,334.789,329.952,322.952,309.31,307.591,307.436,295.849,279.779,275.355,285.429,275.318,268.368,264.97,266.152,251.609,258.996,250.655,244.192,233.778,231.981,223.702,212.689,214.582,211.271,225.74,302.607,561.57,1048.42,1441.91,1473.38,1086.33,626.075,292.286,150.111,99.9939,84.9906,75.8783,75.0656,67.8022,65.4135,59.3438,59.0516,54.8284,51.0055,44.0436,41.7778,40.8935,43.597,49.8168,56.5691,65.4796,0,0,0,0,0,0,0,0,0,0,0,0,0,0,0,0,0,0,0,0
422,489.188,527.448,568.917,539.938,543.092,577.06,560.518,565.486,583.5,582.111,596.658,614.357,625.806,576.041,620.925,631.148,607.067,590.469,586.549,545.594,540.877,524.875,501.421,495.255,467.117,456.641,422.527,408.233,395.123,376.932,388.77,361.678,348.54,343.196,342.251,326.552,314.951,320.236,308.166,294.564,306.477,283.149,276.385,262.844,269.736,269.779,270.224,262.737,261.239,247.638,251.468,242.932,235.722,230.714,229.421,219.661,213.039,200.959,202.444,211.879,231.617,341.232,659.461,1139.73,1464.46,1362.85,951.011,509.509,249.011,130.03,89.1856,78.9057,73.6699,70.3394,68.5386,59.5545,60.1878,54.1696,52.9483,45.145,42.5152,39.7507,39.2693,40.6073,49.0644,54.1345,66.6278,0,0,0,0,0,0,0,0,0,0,0,0,0,0,0,0,0,0,0
424,495.392,531.796,528.015,524.949,528.684,561.246,554.264,536.126,560.581,581.609,556.066,609.95,593.484,608.914,614.428,621.172,605.014,560.317,584.247,541.589,535.309,511.697,486.997,484.338,453.219,448.729,408.655,403.384,388.944,376.568,374.484,350.807,344.411,329.562,335.288,320.224,308.421,305.229,304.698,288.548,293.576,276.598,273.671,266.661,257.601,264.89,267.541,258.203,249.551,244.233,244.523,237.398,229.019,228.45,225.918,217.926,211.32,196.501,199.017,208.445,206.392,235.898,378.346,744.628,1236.54,1454.05,1255.55,808.278,432.005,205.003,110.505,85.5484,77.3955,70.7101,67.0965,61.9857,58.0983,51.0154,55.1531,50.8951,46.3709,39.5621,38.0926,36.7192,41.788,45.3362,55.1476,60.4101,0,0,0,0,0,0,0,0,0,0,0,0,0,0,0,0,0,0
426,485.212,524.087,511.821,527.263,544.177,556.782,533.311,517.68,531.72,542.179,559.228,560.707,600.432,612.925,588.921,588.954,591.26,563.496,573.348,552.877,536.63,501.309,478.704,470.494,449.795,433.026,400.999,386.405,371.417,371.646,358.737,343.38,330.428,323.73,321.048,306.24,302.908,289.339,288.464,281.582,276.686,274.858,268.538,265.157,250.095,254.548,252.92,251.358,244.387,242.352,239.685,232.846,226.089,223.306,214.573,213.969,208.033,197.212,199.247,199.856,198.133,206.849,248.164,430.611,862.199,1280.14,1397.97,1120.66,707.195,358.88,165.252,100.55,82.2674,72.2547,67.6715,63.509,57.7828,51.3846,54.354,53.9615,48.1626,42.6226,39.6153,35.9201,36.9386,40.1026,45.753,52.9151,60.7806,0,0,0,0,0,0,0,0,0,0,0,0,0,0,0,0,0
428,471.854,484.042,490.175,533.551,527.966,544.354,531.938,523.99,535.507,556.342,541.458,554.865,590.129,594.959,573.082,573.141,588.735,585.939,552.513,539.834,515.859,502.548,473.642,452.977,445.243,421.102,394.553,374.744,351.643,362.402,349.894,339.703,324.906,317.764,306.119,303.077,296.546,287.268,280.448,276.827,269.59,268.056,262.097,259.034,250.877,245.228,247.11,250.33,237.244,239.387,231.983,226.466,227.005,220.962,213.402,208.441,203.068,196.832,198.56,190.589,189.948,196.201,206.185,257.854,519.841,946.925,1313.81,1325.12,996.132,585.579,270.571,134.088,92.2561,75.8946,69.3617,61.8661,60.0303,54.5457,54.0547,53.5107,49.4764,45.847,41.5016,37.2411,33.7319,38.3018,38.1183,47.046,52.5366,60.0514,0,0,0,0,0,0,0,0,0,0,0,0,0,0,0,0
430,472.797,502.43,465.283,516.061,494.715,502.086,523.78,527.452,533.552,554.718,529.349,557.188,575.217,591.552,553.198,587.372,584.168,581.108,535.665,516.354,482.413,485.655,463.382,444.099,436.238,410.631,373.728,377.795,359.788,354.38,339.08,335.118,321.358,311.566,302.175,295.688,294.448,278.262,272.392,272.977,265.522,256.028,249.455,251.037,248.533,238.345,246.633,251.402,231.312,236.382,230.986,224.171,225.294,216.466,210.853,208.666,199.132,193.846,196.928,187.223,185.477,189.685,188.413,201.242,303.728,594.31,1017.13,1304.96,1225.88,869.295,461.141,229.782,120.397,82.5378,70.9412,62.5324,60.1903,56.9965,53.6924,49.9951,47.7654,45.5624,41.9828,38.905,33.0706,35.0971,33.5648,39.517,42.6895,49.5002,54.2804,0,0,0,0,0,0,0,0,0,0,0,0,0,0,0
432,479.163,531.64,454.921,485.943,496.924,511.56,513.019,512.859,516.374,507.403,541.577,535.32,575.294,570.808,547.135,586.049,578.426,550.602,529.461,497.043,462.189,477.365,453.787,438.383,413.302,392.7,366.514,376.722,355.479,341.16,325.35,325.965,311.543,309.634,300.317,295.347,284.149,265.852,263.49,265.988,262.475,249.556,244.883,243.046,248.91,230.703,237.256,242.37,232.948,229.49,228.744,222.006,221.439,212.372,207.731,207.698,201.63,189.637,192.58,188.107,180.216,181.588,181.265,189.364,211.133,347.068,661.682,1089.83,1282.44,1114.35,711,385.301,183.542,101.232,73.0789,65.6868,59.6974,56.9846,53.9203,49.1605,47.132,45.2729,44.6636,40.3787,36.1087,32.3711,30.1039,34.16,35.9321,43.9295,47.0591,54.1188,0,0,0,0,0,0,0,0,0,0,0,0,0,0
434,471.467,481.233,439.139,455.58,504.161,493.251,511.877,484.819,527.608,525.968,539.357,552.12,564.675,542.676,544.998,555.213,539.57,537.005,531.395,493.273,464.839,470.59,445.391,441.91,403.041,390.053,370.558,361.512,343.926,334.966,320.66,311.965,296.071,308.152,288.181,285.267,272.09,257.962,256.865,254.283,255.23,240.93,237.874,233.482,240.615,229.48,223.662,228.343,231.911,222.469,221.325,216.807,212.9,206.862,209.05,204.019,199.512,188.824,189.445,185.835,180.55,176.59,171.313,178.185,179.638,219.964,372.261,753.019,1108.31,1227.51,979.653,622.108,323.562,148.868,85.8374,70.0948,63.2785,57.3331,57.3672,51.5261,47.1501,44.9793,45.6666,42.9877,40.5261,32.7009,29.2851,30.2753,32.1364,36.1306,41.0885,45.212,52.1027,0,0,0,0,0,0,0,0,0,0,0,0,0
436,463.207,438.789,449.925,464.789,490.594,457.446,474.546,480.962,533.938,526.205,530.74,551.757,527.308,523.665,531.934,538.829,523.514,530.459,510.822,489.857,465.831,452.109,423.14,435.998,391.809,383.321,362.929,349.267,332.375,330.023,315.674,304.497,280.629,293.006,279.592,270.76,263.972,248.635,249.361,247.446,240.594,231.288,233.88,225.715,232.978,223.18,218.407,230.071,220.537,225.516,219.488,216.5,210.958,207,209.077,194.46,198.154,188.98,187.235,178.724,186.257,173.21,165.787,165.305,164.469,178.17,233.395,445.518,814.252,1127.64,1146.48,883.417,531.304,246.278,124.077,79.9182,66.3302,58.8401,57.8467,52.0274,47.7353,46.2899,43.829,43.3279,41.3542,36.475,31.651,29.8242,28.0496,29.957,34.157,39.2084,43.6651,48.0658,0,0,0,0,0,0,0,0,0,0,0,0
438,455.781,422.444,448.219,460.956,458.485,458.233,461.922,460.785,517.369,517.336,506.165,516.301,510.914,520.457,522.41,525.12,521.32,520.667,492.879,473.439,463.488,433.005,420.879,409.941,378.034,375.718,349.739,344.057,314.593,316.204,306.683,299.584,280.436,280.006,269.557,266.707,254.904,243.957,243.552,244.541,234.928,222.903,229.716,219.906,226.708,219.06,224.29,222.784,212.122,224.27,213.189,208.315,208.265,210.948,202.125,195.619,193.232,193.287,183.605,173.374,181.509,170.17,162.063,165.173,158.712,165.983,180.395,259.074,510.502,869.497,1135.97,1067.75,771.935,413.164,207.582,104.078,70.4618,60.6271,56.1668,53.0488,48.51,48.1083,43.1929,44.1912,42.6662,40.3273,36.3918,31.6639,28.0251,27.3887,28.6904,32.6534,39.8547,42.5272,52.484,0,0,0,0,0,0,0,0,0,0,0
440,450.88,419.246,448.386,432.277,468.137,472.018,454.921,464.741,495.832,506.497,499.491,482.743,518.822,511.768,531.031,518.824,520.091,492.845,476.75,463.536,443.484,426.1,420.062,380.654,380.48,363.988,337.655,341.275,308.698,304.151,289.026,287.839,280.614,268.785,264.652,259.653,247.445,237.405,236.173,233.547,233.649,222.117,220.446,216.525,219.288,209.959,221.442,214.898,214.817,220.383,205.394,202.853,202.712,207.242,200.661,196.047,196.807,190.278,176.673,174.622,179.466,166.315,164.428,160.43,159.126,158.318,162.867,179.319,284.761,555.644,931.312,1093.46,982.497,645.841,351.788,165.24,91.6715,63.4644,55.8158,53.8453,49.1367,47.3213,41.9441,42.1466,41.19,41.4061,40.5082,34.1294,29.5444,25.996,26.1504,27.5372,33.3898,37.1073,42.3278,49.0622,0,0,0,0,0,0,0,0,0,0
442,428.165,418.874,445.268,424.511,463.479,459.679,447.218,469.143,471.148,490.095,493.385,469.373,507.61,496.454,520.824,515.552,511.201,478.937,471.224,457.775,435.492,415.246,403.261,371.866,366.855,356.889,327.659,324.234,311.193,298.942,282.172,279.595,263.472,263.37,254.815,245.818,244.077,236.92,227.308,227.901,222.266,219.461,212.395,209.119,212.77,202.612,205.329,211.913,211.761,210.826,200.115,201.056,196.01,204.058,205.308,190.818,197.871,184.979,176.696,174.624,176.735,164.403,162.773,156.765,159.546,149.058,155.047,159.209,177.865,322.231,651.435,953.368,1054.05,862.852,552.402,283.714,139.272,77.6409,59.7286,54.173,48.219,46.5713,44.8399,41.3454,40.5314,40.7907,41.1168,35.8831,30.9403,25.2379,25.6249,23.9561,26.2978,31.2032,34.7756,40.8153,46.6462,0,0,0,0,0,0,0,0,0
444,422.549,394.509,420.012,429.719,445.397,455.407,436.094,461.165,456.571,454.024,489.638,481.684,487.155,483.669,512.893,493.802,493.102,476.562,462.505,455.36,431.352,395.681,392.862,373.046,362.673,351.735,318.485,309.001,299.135,288.238,279.152,273.622,254.631,254.607,244.729,237.801,241.383,232.594,225.18,218.8,209.921,217.521,200.366,210.758,207.53,197.995,198.789,202.06,206.579,199.228,198.397,201.785,188.555,189.301,200.786,185.279,189.17,183.809,174.048,171.985,172.36,166.553,158.1,158.188,156.306,144.079,152.016,150.9,146.855,203.865,396.539,697.441,967.854,999.331,768.252,451.826,227.79,108.967,69.5991,53.8727,50.1357,45.2221,45.3081,41.6095,40.4692,37.9761,37.671,37.4828,33.5681,26.6249,26.1444,23.3734,22.9847,26.8737,28.119,34.6427,38.967,49.1782,0,0,0,0,0,0,0,0
446,421.546,405.077,431.918,444.256,428.146,417.49,441.882,471.511,439.25,454.038,494.248,465.259,472.413,466.702,508.35,485.056,501.887,470.08,440.854,436.115,414.751,384.181,390.753,360.89,344.669,334.935,312.899,305.166,285.827,276.613,275.435,258.184,256.487,248.234,236.163,242.743,232.426,222.766,218.608,210.36,201.886,204.583,200.218,198.993,196.592,185.86,195.363,196.934,196.796,197.998,196.579,197.041,182.991,189.818,192.398,183.257,184.154,182.971,172.438,172.447,173.561,167.541,156.901,156.482,154.088,142.602,148.3,143.01,143.41,153.262,225.437,423.164,731.847,968.747,921.782,661.609,387.056,181.838,96.453,59.3467,53.6157,46.3381,45.8554,43.8438,40.1701,38.132,35.7773,36.4638,36.7348,32.4996,27.9095,22.8355,22.6656,24.9108,24.9537,29.0553,35.1188,39.2078,46.2628,0,0,0,0,0,0,0
448,395.64,398.632,432.696,414.874,412.739,409.926,442.6,450.143,439.816,458.061,494.342,472.225,461.348,461.039,484.472,486.786,490.12,451.759,434.086,427.277,417.745,389.804,380.754,351.852,337.177,323.095,305.349,287.973,274.191,271.462,264.023,253.173,246.342,241,230.149,232.036,223.117,205.901,208.125,201.856,195.445,191.816,199.705,192.372,191.11,183.311,189.376,191.054,183.516,197.392,188.849,192.578,185.206,189.41,187.092,179.892,185.577,179.238,174.077,169.69,171.099,162.935,162.031,155.118,151.003,144.219,141.344,137.419,136.75,136.876,154.599,249.758,481.471,794.377,933.732,829.314,571.336,304.035,150.785,79.4565,57.2631,49.1441,46.119,42.3663,41.7706,38.9538,34.4314,33.7513,36.3664,35.7143,31.9157,25.434,24.5161,22.9291,23.7521,25.4211,29.7286,33.026,38.0751,47.8174,0,0,0,0,0,0
450,394.254,390.632,418.729,421.202,389.992,404.352,428.525,438.294,439,467.953,492.517,464.726,449.76,456.795,472.387,478.523,474.044,440.279,424.307,417.176,416.993,381.784,373.167,349.225,343.416,314.949,299.622,283.195,267.282,257.24,254.375,251.628,237.876,232.151,225.201,220.798,208.733,204.673,202.282,193.602,195.196,185.439,190.12,192.742,185.774,184.202,185.594,187.697,182.436,183.323,182.193,185.068,181.005,175.338,182.888,176.038,178.597,174.675,167.217,169.27,166.033,161.749,159.695,152.357,152.949,145.897,139.045,132.986,132.127,128.869,130.042,156.983,283.047,546.198,830.078,909.368,749.617,478.025,249.24,120.873,68.1442,52.6161,46.0721,41.7219,43.7436,39.4118,34.7939,32.3254,35.5622,35.5781,33.9502,28.6844,26.8102,21.1066,22.3128,23.3858,25.2846,27.8131,33.531,40.8972,50.3382,0,0,0,0,0
452,377.617,401.333,403.235,407.526,374.158,387.705,409.436,435.007,419.547,455.002,464.495,456.12,453.621,439.846,468.426,461.998,457.514,437.298,424.431,419.112,400.365,368.923,353.74,342.209,337.387,317.508,286.217,277.244,266.612,249.312,245.938,241.732,230.623,225.722,221.357,209.257,199.275,209.191,195.149,182.54,190.744,183.966,182.909,185.472,179.278,181.221,180.407,185.296,182.709,176.814,175.501,178.693,174.031,172.183,173.776,170.248,169.115,167.269,162.7,166.316,160.574,159.991,157.011,152.178,148.166,142.852,133.556,131.744,125.6,120.978,124.507,127.158,167.443,325.589,600.968,843.217,856.989,666.166,410.361,207.655,99.6701,60.6053,47.7679,42.232,43.5809,37.9368,36.2421,33.8148,32.5745,34.9878,34.9274,34.8361,30.661,25.1068,21.7735,20.8745,21.7675,23.9215,28.4641,34.2275,41.6083,49.3428,0,0,0,0
454,364.31,378.246,389.045,372.836,379.43,394.473,392.56,433.478,413.386,424.006,436.623,444.877,450.698,456.53,437.467,454.023,450.541,426.695,413.891,411.836,388.378,359.57,349.07,332.111,314.873,297.711,275.234,270.787,259.23,246.082,233.303,233.25,225.495,211.979,213.917,196.184,198.708,201.133,189.527,183.3,185.068,185.934,177.209,179.567,174.102,176.307,175.37,173.659,173.977,176.044,170.289,174.753,168.623,172.601,169.536,164.476,164.928,160.692,161.849,164.462,154.23,155.166,156.544,149.958,144.539,136.941,130.362,132.75,121.392,120.184,119.073,116.66,126.395,191.697,366.627,642.927,826.036,798.511,588.408,342.904,170.713,86.7279,55.374,44.5508,42.4209,35.7954,37.6836,35.5049,32.6145,31.8766,34.9477,39.6678,35.9706,31.3803,23.3505,18.9442,20.1755,20.4928,24.4282,29.1235,34.9035,40.7093,47.9793,0,0,0
456,365.314,360.957,373.609,385.656,367.671,408.726,405.582,412.946,406.704,415.722,431.88,422.156,431.606,434.634,432.277,450.233,441.726,422.862,416.59,403.92,367.801,364.877,348.061,324.706,302.113,283.567,262.866,267.555,243.717,241.881,228.92,227.144,218.864,206.72,199.785,193.619,195.58,188.454,189.046,184.557,181.72,184.027,175.239,169.648,171.714,167.566,166.197,169.929,165.098,169.816,169.127,167.195,168.169,166.559,169.63,166.574,164.221,165.622,158.626,163.881,154.415,155.032,147.955,146.695,142.426,134.861,134.17,129.924,120.048,118.725,117.555,109.895,115.616,130.508,212.649,427.187,674.088,819.158,726.335,499.469,282.325,137.627,73.7057,49.9592,42.5747,36.4501,37.7704,36.0374,33.8884,30.1241,31.3578,38.6649,40.0885,38.4917,28.772,21.7206,18.7285,16.9434,21.9647,24.4152,30.2453,32.8277,39.5338,44.3896,0,0
458,369.062,358.295,369.657,392.106,364.062,385.357,409.282,409.98,396.834,405.25,431.56,403.211,430.46,411.967,440.15,440.401,431.348,404.748,410.344,395.047,361.399,365.367,343.874,306.648,308.371,276.842,263.669,261.231,243.072,240.169,228.173,230.127,213.215,200.859,193.904,188.042,189.507,180.428,182.759,180.018,177.657,176.812,170.92,165.611,168.239,160.228,164.23,166.947,159.691,161.196,165.09,160.102,165.739,161.766,168.207,163.284,165.652,164.063,156.086,160.432,153.568,156.21,142.439,144.793,140.087,136.514,132.208,126.35,118.519,114.828,112.701,107.779,110.83,108.282,132.196,246.539,471.642,719.634,785.778,652.755,429.99,226.764,110.097,61.7213,43.7562,37.7817,35.3179,35.227,33.5938,30.4104,28.1779,33.359,40.27,45.0524,36.8974,27.8325,20.2334,17.9337,20.9395,19.9211,24.4735,28.176,33.0089,36.2396,44.0022,0
460,349.357,355.152,373.108,357.371,354.039,375.699,384.908,399.159,369.628,405.387,421.997,407.116,434.677,420.504,416.248,432.522,424.403,388.898,392.872,377.609,355.603,348.66,330.642,307.579,309.976,280.007,257.895,250.46,241.108,224.454,228.306,220.643,209.876,196.369,188.528,183.246,176.5,178.592,170.196,167.044,172.732,164.967,161.617,167.364,165.975,164.688,163.32,159.797,159.331,158.528,160.735,154.774,165.837,158.241,162.663,155.823,157.249,157.421,151.12,152.624,151.538,154.431,140.804,147.247,138.002,137.302,129.75,123.818,116.304,113.695,106.557,104.259,104.165,102.899,103.026,145.451,279.155,526.174,723.303,743.171,590.212,361.728,189.128,88.9103,53.5802,40.2093,34.6676,34.8432,32.9931,30.7133,27.5562,26.9757,37.0729,44.2697,46.1452,38.2695,27.5141,20.8989,19.1855,17.1639,20.1874,25.4952,27.4787,31.5069,35.0282,40.2927
462,0,341.219,365.988,348.435,351.795,362.807,350.887,393.604,360.072,398.198,415.109,397.01,395.399,414.207,394.784,420.824,379.965,388.216,382.344,367.051,344.768,346.895,321.037,299.736,294.147,276.129,260,246.123,226.431,208.791,217.621,202.363,204.96,194.618,183.266,179.302,166.777,171.779,162.935,167.978,164.369,158.601,154.807,160.661,154.026,159.051,156.757,160.249,159.216,158.794,156.786,151.877,158.374,158.645,155.052,156.411,157.655,152.637,152.047,145.775,150.217,150.489,142.355,140.654,141.767,133.905,132.888,123.471,113.867,109.46,105.668,98.9434,97.5441,99.6568,95.8584,106.028,156.418,332.814,554.988,715.118,683.716,512.77,305.434,145.953,76.4429,46.2235,37.399,33.7614,32.9494,31.2872,27.0301,26.1478,31.7657,36.6158,47.8229,49.5436,40.7517,26.9979,20.4402,17.7405,18.5369,19.8651,23.7786,26.9532,31.3713,33.8741
464,0,314.06,357.412,342.661,341.631,357.372,331.431,397.644,366.754,390.022,400.399,395.303,370.325,398.824,384.045,405.574,370.401,378.939,369.428,357.78,345.972,336.317,319.299,278.267,284.722,257.798,247.359,238.21,220.297,207.466,208.226,194.101,194.271,189.687,185.189,177.353,163.465,163.651,155.461,161.094,157.349,148.568,148.819,149.751,143.134,153.566,145.861,157.199,150.903,153.662,151.325,150.919,150.719,150.375,153.442,156.335,153.25,150.51,149.032,146.503,148.691,148.387,139.94,137.223,137.084,132.1,128.717,118.124,108.331,103.18,105.363,98.6664,93.6733,93.7274,91.2215,93.5011,108.787,199.752,368.479,584.139,686.639,624.622,433.576,236.609,119.987,61.4549,40.4541,35.8263,31.2322,29.3493,27.4793,26.1019,27.1396,27.4379,42.4311,54.7695,52.5121,39.004,24.3685,19.5695,17.8031,16.7684,20.426,23.2993,27.3587,29.611
466,0,0,320.865,332.214,332.223,355.447,339.43,380.54,357.201,376.974,393.624,395.507,368.021,385.088,376.981,395.9,377.011,360.09,358.39,343.826,341.369,322.493,310.429,268.557,277.186,249.633,234.215,230.639,216.152,203.895,197.922,190.528,189.806,176.699,174.831,167.784,161.553,158.011,154.924,153.223,157.807,141.224,142.208,143.843,138.01,146.752,145.34,147.352,144.264,150.604,146.05,148.798,143.962,147.063,146.684,155.365,145.712,146.555,143.016,143.445,142.961,143.199,137.423,139.663,130.492,129.285,125.893,115.324,107.433,105.846,100.767,95.853,90.5668,89.0906,90.2057,89.7089,91.9054,120.616,217.81,405.176,597.504,672.193,559.785,356.835,197.189,96.3708,50.6392,37.7922,31.4189,27.5188,27.2595,25.2164,25.9893,22.3236,33.1398,49.0439,56.9424,53.5341,36.8656,23.5998,18.1982,15.7611,18.324,19.3818,23.1877,25.6374
468,0,0,290.154,340.697,322.629,360.078,329.353,345.563,356.664,366.865,383.945,383.733,369.561,371.442,370.737,387.951,368.655,348.69,357.508,340.952,319.654,308.876,298.292,269.569,263.442,241.13,232.703,223.011,210.874,203.278,188.92,188.306,182.729,170.585,165.258,158.974,156.951,152.041,154.669,147.258,146.568,139.365,139.359,145.963,136.874,142.715,142.441,138.454,142.311,146.576,143.432,143.847,138.817,143.644,139.317,144.381,142.289,142.681,137.755,138.156,134.949,134.178,136.597,138.613,128.596,126.655,127.319,113.012,108.151,106.836,101.134,92.5559,90.6732,88.9695,86.3386,84.1939,86.0339,89.6006,127.778,245.917,441.545,620.365,624.73,482.792,308.695,156.424,79.1888,43.9372,34.4855,28.4282,26.1319,26.2275,23.9983,22.5244,25.2792,36.0914,51.6643,63.7386,53.4551,33.6276,22.6994,16.9688,17.3713,17.5731,18.8546,22.4147
470,0,0,0,313.306,298.29,355.717,323.335,338.679,353.613,341.791,373.955,368.888,368.319,371.278,360.717,380.433,357.45,346.693,346.597,333.002,307.345,303.488,284.165,266.036,249.079,229.533,229.266,216.189,206.544,202.698,179.964,178.217,172.851,172.409,159.403,156.095,152.06,146.012,143.866,141.553,135.598,137.418,140.455,139.9,133.313,138.47,138.605,132.416,138.793,141.33,136.028,134.438,136.591,136.004,130.082,137.282,138.362,141.517,133.007,133.35,127.486,130.816,132.738,129.535,124.833,122.084,122.392,108.809,108.181,104.607,100.376,93.5007,91.7252,88.7268,81.4492,77.4857,78.9545,83.066,87.8624,142.667,273.081,473.572,595.147,572.355,428.709,249.304,131.718,61.9133,41.4374,28.8534,25.9604,26.1219,23.07,22.2828,22.9826,26.9166,37.9392,59.1666,65.2829,50.1037,33.0312,22.5271,16.6553,15.6857,17.2774,19.67
472,0,0,0,309.216,300.285,341.838,317.204,332.149,360.062,315.836,359.145,338.27,363.954,368.537,341.288,362.41,341.061,331.704,337.72,329.685,310.908,298.417,270.965,265.065,238.761,227.264,218.049,207.583,203.244,190.211,177.337,162.538,162.409,165.125,153.293,150.198,145.862,143.064,136.88,138.568,131.668,132.588,135.885,125.8,132.193,127.536,131.391,131.626,132.332,130.519,126.149,131.096,136.035,132.888,128.736,130.509,132.682,131.899,129.679,128.392,124.433,127.926,129.154,122.341,119.403,121.147,122.316,108.679,105.856,100.278,96.4357,91.9877,87.2389,85.1245,80.1894,77.4067,74.3962,79.2463,77.6584,90.8574,154.947,315.17,489.056,582.685,523.124,364.952,211.216,102.021,54.2603,33.8931,25.8507,25.3634,21.9345,21.6517,22.5632,22.73,26.5713,44.6121,60.0061,65.5993,51.5385,31.9873,20.4017,15.0444,15.6307,17.7792
474,0,0,0,0,291.129,328.525,298.49,330.041,339.696,325.399,339.1,328.245,339.233,351.227,325.894,360.151,323.517,334.903,326.931,320.196,306.233,285.052,265.937,257.517,230.176,225.866,210.085,201.282,191.45,185.847,172.626,165.152,157.115,156.459,155.072,146.93,137.258,141.4,130.199,130.626,128.759,126.87,128.993,124.345,123.676,123.381,126.532,125.413,127.013,127.199,123.671,132.082,126.873,126.533,130.108,125.828,131.202,124.097,119.479,128.141,124.499,124.761,124.364,119.269,118.707,121.18,119.019,107.524,104.072,102.461,89.805,89.8526,83.9019,80.427,77.6245,75.2458,72.6197,74.7903,75.3667,73.8298,95.1208,182.905,347.196,518.373,564.865,475.56,319.276,167.288,84.5408,43.4032,28.6057,24.3505,20.7053,20.4354,20.5933,20.3998,21.668,30.8532,45.7728,68.2836,66.9227,48.4054,28.8939,16.9382,14.8614,15.6709
476,0,0,0,0,281.444,302.319,299.979,312.192,302.475,325.256,329.263,328.839,329.486,328.768,325.07,344.969,341.092,319.707,314.98,297.391,280.266,268.337,256.236,247.715,216.981,212.188,205.882,190.175,182.398,182.844,168.618,163.304,151.415,152.485,150.54,143.657,136.824,139.006,127.034,125.775,125.687,119.488,123.633,125.527,113.659,121.847,127.032,120.287,122.42,126.977,120.706,126.996,122.372,120.834,123.185,122.316,127.674,118.755,120.745,123.135,121.125,119.711,117.864,117.608,114.658,114.321,114.323,102.97,102.192,101.944,91.1579,87.0658,84.2482,78.5721,75.1239,72.3622,72.1382,71.0374,73.3458,70.8687,72.2279,108.182,216.029,395.825,522.623,526.903,419.62,254.012,134.482,65.6781,37.6469,25.2873,20.8431,21.3779,19.6311,20.1607,20.0538,22.2469,30.7395,54.329,70.1437,67.8197,44.8677,26.198,16.9642,14.573
478,0,0,0,0,0,291.266,296.676,286.423,306.38,328.159,320.668,312.924,328.638,316.621,324.608,321.5,330.825,303.008,295.068,288.23,283.191,259.91,237.062,232.457,208.819,211.309,201.674,179.262,183.8,171.096,167.398,155.531,144.638,146.994,137.201,136.377,132.004,130.481,125.694,122.822,119.683,112.997,119.532,117.388,112.392,117.479,121.747,117.735,117.173,118.325,116.055,120.43,119.942,118.466,116.632,119.72,122.17,115.611,120.813,118.663,118.573,116.03,114.751,114.543,108.097,110.057,109.127,97.376,100.205,96.4359,90.4518,83.4972,84.9167,74.963,76.1156,67.7768,70.5764,65.4361,66.2893,66.4494,65.7742,74.6643,121.759,251.318,408.611,508.954,488.725,356.593,215.435,105.876,52.8054,29.8734,21.9741,21.1564,19.7441,19.762,19.4782,18.4003,21.0719,35.5067,57.2542,74.9923,64.7302,45.3196,24.4364,16.2761
480,0,0,0,0,0,280.007,280.847,293.875,302.946,320.993,310.645,295.84,317.647,317.298,315.951,315.914,303.696,304.526,290.495,283.763,273.375,262.974,233.512,221.438,207.998,204.952,191.287,174.606,177.578,166.189,162.403,148.39,146.236,141.507,131.902,133.23,127.397,121.657,125.312,120.02,113.767,109.711,113.783,110.712,109.788,114.162,111.96,111.177,112.756,110.761,113.631,115.095,114.663,113.305,116.102,116.227,115.659,110.438,117.069,115.903,117.936,111.725,111.744,109.626,107.577,109.621,102.195,96.7837,98.8064,90.8109,85.335,81.4215,83.0178,73.6902,74.1189,65.8704,67.5904,63.7359,60.9884,64.2277,62.6845,63.6658,77.6425,144.627,275.922,436.188,495.05,436.647,313.441,171.19,82.2243,41.0064,26.4787,20.6173,18.8667,18.5866,19.6675,19.0248,17.8143,23.487,36.655,62.9011,74.5655,65.9483,39.6297,23.0321
482,0,0,0,0,0,0,287.801,282.176,286.41,294.752,287.775,299.823,297.853,316.69,302.382,305.875,288.439,298.019,290.059,280.762,254.977,252.782,231.316,211.549,199.65,197.365,184.157,164.141,168.04,156.015,155.355,140.706,143.111,134.979,126.412,129.334,124.906,117.178,118.886,115.576,112.982,104.608,106.958,107.899,106.23,107.003,106.981,105.934,106.964,109.849,110.858,108.382,111.926,104.769,111.811,111.193,112.365,106.11,114.66,114.139,114.375,109.708,108.666,107.743,104.127,103.294,100.909,97.0136,93.1593,88.5135,83.7338,78.6872,80.2562,72.9601,72.4194,67.908,64.7777,62.58,57.9281,61.6644,58.9134,59.1259,59.5846,86.656,167.662,315.08,435.439,470.758,400.308,251.358,134.749,62.1139,33.743,23.3769,19.8793,19.2775,17.9678,19.019,17.0553,19.632,24.2748,44.3054,67.5489,77.5614,59.7221,36.1197
484,0,0,0,0,0,0,280.606,255.335,256.132,278.463,281.649,288.108,287.114,293.266,304.823,293.558,288.312,278.713,270.726,269.327,245.616,232.944,227.799,202.679,196.213,189.496,181.512,163.114,158.605,151.35,150.711,140.66,133.231,130.548,127.382,124.024,125.107,113.433,110.697,107.583,110.992,101.319,103.434,102.679,103.792,104.27,101.904,102.526,99.1559,107.876,107.99,106.299,106.863,102.336,105.747,107.777,105.191,104.004,109.735,104.938,106.336,107.119,109.176,107.502,98.0969,98.6614,97.5859,92.6441,91.1799,85.0673,82.4658,80.7821,75.8462,71.7175,70.359,64.5882,62.6027,59.0075,56.9761,57.8129,55.5523,54.7022,53.6482,61.039,95.1387,194.812,331.544,442.509,443.9,333.611,212.677,104.133,53.2596,29.0265,20.9526,18.3642,18.1425,17.9483,15.9925,17.8564,18.5061,27.1871,46.7362,71.3388,75.2803,58.021
486,0,0,0,0,0,0,0,253.172,248.163,288.349,282.791,264.358,285.087,273.247,292.939,278.045,280.258,282.823,262.538,252.256,232.062,214.174,216.6,198.241,190.633,180.935,178.851,160.369,147.542,146.413,143.879,136.787,127.329,130.285,127.743,118.726,115.93,107.752,105.081,101.085,103.87,101.611,103.933,95.6258,100.305,96.7443,97.7588,98.8059,100.229,104.598,101.209,106.473,95.389,101.11,100.149,103.037,100.485,101.232,104.005,102.195,104.195,101.814,107.707,104.267,101.843,97.883,93.7621,89.9014,90.4524,82.548,79.9452,77.8573,70.6173,71.1212,66.943,62.4317,62.0274,60.3481,57.9242,54.3402,52.4603,52.8657,52.1255,52.3189,63.5969,106.875,210.069,354.497,430.943,399.586,291.774,166.924,86.7478,43.137,24.4642,19.3078,18.0493,16.2203,15.5405,16.6564,17.6171,19.1262,27.7651,52.4738,75.3046,74.1146
488,0,0,0,0,0,0,0,253.762,256.079,283.207,275.44,256.643,271.331,263.147,275.453,267.123,269.846,272.957,254.688,245.967,228.094,212.739,205.86,189.605,182.165,179.8,175.258,150.543,147.659,139.178,125.982,125.568,132.814,128.427,119.373,110.086,105.609,103.13,105.391,98.709,93.7293,93.3792,97.6684,89.9576,93.8618,89.0297,94.2956,96.3612,98.1125,96.7826,99.0609,102.714,93.6982,97.6854,99.8577,99.5149,103.278,97.9855,103.165,96.9029,99.0055,100.522,104.427,99.3129,95.7112,96.0518,90.3412,90.1197,83.8235,76.0887,78.0902,73.437,68.233,70.2338,65.1552,61.3794,58.237,58.1435,55.5553,51.605,50.5551,51.6361,48.5245,48.4411,52.6055,63.6064,118.468,244.479,365.166,414.031,353.128,241.439,137.849,68.2447,32.3831,22.3782,17.598,15.6844,14.8813,16.2664,16.2136,17.0648,18.4922,30.8468,56.833,71.8082
490,0,0,0,0,0,0,0,0,240.973,254.178,249.588,270.942,254.19,255.561,270.409,264.357,262.875,257.065,242.002,241.181,219.356,215.243,201.196,184.534,175.505,174.587,161.037,139.639,144.907,134.603,119.836,121.136,126.622,117.343,107.736,101.767,100.194,98.7719,102.913,92.4543,88.9807,88.0072,91.7738,89.9357,85.8727,81.814,86.7984,88.7545,92.3375,90.7812,93.1876,95.6775,93.0609,92.3957,98.5346,96.6562,97.1624,94.5546,96.3786,89.8044,90.3745,98.8009,96.6993,89.6072,89.3394,91.5258,87.0599,83.8079,77.3432,73.9672,72.805,71.3038,64.5326,66.0633,62.1398,59.7246,55.588,51.4856,51.8535,49.6599,48.735,48.568,46.2333,46.9568,46.5788,47.2384,70.1127,144.511,264.352,365.025,379.982,304.932,202.603,110.137,50.1091,26.9534,18.6847,14.9151,13.7921,15.2966,14.3789,14.9777,15.3405,18.9847,33.1225,54.4819
492,0,0,0,0,0,0,0,0,242.164,237.534,233.046,251.721,243.866,229.501,259.13,254.836,251.063,238.834,231.372,217.678,214.48,196.33,190.969,178.143,163.619,156.62,152.205,133.171,137.109,129.789,119.936,115.702,111.333,108.095,103.033,99.571,94.9365,92.267,92.3682,85.6978,87.9469,87.7619,86.4154,88.123,83.336,79.5178,85.138,84.274,89.1891,88.4598,84.8747,92.5073,88.3842,87.1189,91.5205,88.7067,88.0199,88.6722,86.2859,87.7363,84.6916,90.3171,90.67,85.9064,83.4957,85.2975,81.8756,79.1842,72.0476,72.7615,71.4208,66.8951,60.524,61.8896,57.6223,56.3094,52.3836,52.1641,49.5084,45.9679,46.4364,45.3739,43.7928,43.1459,41.106,42.103,47.554,80.2959,161.974,280.395,356.835,339.569,263.315,164.878,80.3786,38.6603,22.5161,14.3717,14.037,13.8512,13.6896,12.9199,15.42,13.9453,20.6025,33.6875
494,0,0,0,0,0,0,0,0,0,219.797,225.528,215.779,234.614,217.199,234.761,236.003,234.356,223.394,210.128,200.499,196.83,186.186,171.197,158.242,151.652,142.084,137.63,130.097,126.471,119.398,112.549,110.287,102.135,98.3775,101.146,86.448,90.2823,83.9711,85.0165,82.4563,79.6098,83.264,78.0141,82.9879,80.0734,80.4055,82.5859,78.425,80.5542,82.2433,78.7866,86.2151,76.9005,78.4491,82.8427,83.9099,80.1119,82.1599,80.0631,85.3821,80.7637,81.8681,81.5967,78.4954,77.3507,78.1068,74.7797,75.0956,68.4144,67.0262,67.7296,63.8699,58.4989,57.8522,52.5448,53.7104,49.6643,50.354,47.0386,43.6335,42.5882,41.9581,41.2075,39.0211,38.1521,38.619,39.6257,49.6566,86.6073,180.811,280.602,329.59,303.103,214.811,124.302,59.7408,32.0259,17.8065,14.8075,13.0254,12.6181,11.6548,13.1156,12.4137,14.7397,20.7692
496,0,0,0,0,0,0,0,0,0,197.608,208.043,206.691,218.364,206.993,213.117,219.786,205.939,210.669,195.631,186.872,176.085,172.204,155.369,144.618,145.157,133.76,123.086,121.113,117.439,108.361,102.989,103.651,94.1057,91.0991,91.8306,79.0075,82.4168,79.7513,78.3641,80.7123,71.9309,78.3685,73.5397,73.1585,75.0565,75.4186,76.4406,73.0938,72.0293,74.9586,77.5562,76.5727,70.1013,71.3327,77.0294,78.1222,74.4165,76.0578,75.9331,78.3929,76.454,79.3257,73.3165,72.3103,75.1338,70.7361,68.4424,69.242,63.6944,62.2245,61.7202,61.6976,56.5454,53.158,50.0219,50.8728,46.8925,43.8569,44.7323,41.9418,38.1997,38.0857,37.4058,35.6251,34.3433,33.476,36.1446,35.527,48.8217,101.515,189.541,269.949,298.637,250.241,171.495,93.0619,50.2441,24.2996,16.4479,12.5433,11.2458,11.882,10.7806,12.3584,12.7143,13.4126
498,0,0,0,0,0,0,0,0,0,0,186.234,204.089,201.134,199.71,199.915,183.097,187.901,199.789,182.227,180.962,162.287,161.336,142.738,130.921,137.06,125.171,117.81,113.251,109.245,101.182,98.8904,96.5372,88.0478,82.9884,83.0502,85.2181,76.84,75.5484,74.8128,75.6308,66.0683,72.8769,70.1257,66.3916,66.987,65.9032,69.0318,68.2689,64.2106,69.9485,70.821,69.6041,66.1274,69.6571,69.5704,69.248,68.679,70.2754,68.6234,69.8913,70.3413,70.5401,67.3941,67.7392,68.0525,64.4517,66.2164,62.7841,61.0195,59.3919,57.7778,56.9599,51.1373,50.045,46.4674,45.7524,44.9093,40.7507,41.5661,41.0604,35.193,34.5402,33.821,32.7059,33.0383,31.1869,33.2889,31.3837,34.3672,53.4369,109.616,189.342,253.425,262.328,208.809,133.421,75.707,36.3056,19.0277,12.5935,10.9681,11.7513,10.3885,11.0569,11.5036,11.3152
500,0,0,0,0,0,0,0,0,0,0,186.414,192.379,190.423,177.927,179.385,165.793,177.504,180.36,173.328,173.545,150.375,152.08,142.547,123.844,126.086,115.743,105.554,106.185,101.72,92.6933,90.8934,84.7624,81.7217,75.634,74.6258,82.6648,73.5048,70.2775,67.4713,68.7665,62.6804,63.2106,62.8747,67.1197,60.5702,60.1972,62.2325,61.6342,61.3323,64.8984,63.0942,63.5822,59.6354,67.3277,61.2621,65.5772,64.2743,65.826,63.2685,65.6267,61.4157,63.0897,63.9435,61.3782,61.0349,63.1102,64.1352,57.0064,57.449,56.5208,53.7771,51.3643,48.4931,46.6149,43.0776,43.0471,41.9994,40.0864,38.1027,37.1168,33.8967,31.8686,32.091,31.645,29.1395,29.4316,29.0521,29.44,28.0121,33.135,56.9942,115.047,188.517,242.87,229.258,172.938,110.4,55.8541,28.0406,14.8955,11.2712,11.0702,10.1977,10.0877,10.1631,11.084
502,0,0,0,0,0,0,0,0,0,0,0,169.277,174.336,163.575,165.187,161.584,160.546,174.531,164.643,157.218,140.719,137.029,134.786,121.83,118.285,112.656,90.8351,96.1936,89.0317,90.0246,83.9125,76.5581,75.0398,72.7402,69.3196,71.5962,68.7979,66.9627,62.5691,61.3664,59.184,56.6267,59.1726,63.9226,58.3549,58.7187,59.9339,59.4952,58.1773,58.6114,59.4813,59.3595,56.7361,60.5886,58.8824,60.3823,61.5289,61.7693,59.1157,58.7881,58.1512,57.1579,58.9964,58.2316,54.8159,57.7073,58.6967,53.4157,52.087,51.898,48.3049,45.2974,46.8096,43.1737,40.9224,41.8932,40.4266,36.9717,34.8959,33.1285,31.9291,31.194,30.2484,30.188,27.598,26.8508,26.6702,28.1097,24.5211,25.212,31.4309,62.7842,122.678,198.589,223.967,199.384,143.293,83.3055,44.2581,21.1247,13.7715,11.2096,9.07283,10.2494,9.69336,9.73094
504,0,0,0,0,0,0,0,0,0,0,0,157.589,163.695,167.579,158.647,152.291,140.258,163.898,153.222,148.296,132.129,136.446,130.288,114.738,109.487,106.105,92.5175,92.9292,80.1738,86.4236,81.7418,73.1946,70.583,72.3661,68.133,64.5728,63.1686,64.6397,61.2073,55.8716,56.8433,55.3863,58.1717,56.2839,54.1929,55.8199,56.7314,55.7911,56.1024,53.5628,56.5354,54.9779,55.8518,53.5799,56.3316,54.1872,56.5467,55.2693,56.5061,54.8867,55.8461,58.1417,57.2126,54.4285,52.672,50.7783,52.6379,53.3466,47.5522,48.5112,45.9843,44.2029,41.8823,42.7582,40.0911,39.3228,38.9009,35.0666,32.5454,32.9751,30.2808,28.4378,28.7373,27.6852,27.299,25.1322,24.8383,25.8963,22.9896,22.3004,23.8166,34.4014,70.7306,139.051,194.201,208.202,172.293,116.592,68.7973,33.8417,17.7194,12.0717,9.12541,9.2946,8.56598,8.53149
506,0,0,0,0,0,0,0,0,0,0,0,0,158.263,161.116,155.838,149.261,135.074,154.935,141.153,135.38,131.7,131.229,132.955,113.279,106.076,95.2002,90.6392,85.556,78.8258,79.9752,75.2849,71.3866,69.4722,67.7296,67.1178,62.9683,61.8933,58.1042,59.6734,53.7573,54.8104,49.6886,55.0182,52.3835,49.9534,51.4097,53.569,52.3181,53.9706,47.4118,53.7527,52.3227,53.0853,48.8787,53.139,52.1681,52.203,51.159,52.1595,53.2332,50.483,56.212,54.8838,50.3646,51.0232,50.0867,47.6614,52.8439,47.4354,44.8001,43.8824,41.0959,39.2911,41.633,38.3816,36.5266,35.574,36.1943,31.1793,32.9355,29.0934,27.1114,27.4934,26.5244,24.7742,25.0142,21.4422,24.1809,22.5098,21.3902,22.2866,22.2935,38.8732,81.4558,147.917,192.848,190.696,150.068,97.8377,53.3178,25.7173,14.8132,9.68852,9.09723,7.77097,7.87157
508,0,0,0,0,0,0,0,0,0,0,0,0,147.675,150.431,156.709,140.841,134.958,142.789,135.922,122.754,125.414,125.915,122.107,107.036,100.64,86.4834,81.9742,81.0147,72.714,74.8621,69.6327,70.2163,65.5826,60.1383,59.8406,59.7414,60.8903,53.6251,54.85,52.5811,54.3889,47.0786,51.799,50.4193,50.5402,48.6805,51.3742,49.1406,49.7937,45.681,49.7379,51.8236,51.8106,48.3545,49.7515,47.9781,48.5638,47.1947,51.9308,51.1227,47.3017,51.3624,51.4637,50.2745,47.193,48.3879,44.3736,49.7172,46.5644,44.5764,43.0653,40.7677,37.4091,37.7033,35.7378,32.431,32.2629,34.475,30.253,32.0486,27.3149,26.3626,26.9073,25.363,23.1707,23.7002,21.0976,22.8543,20.772,20.0708,20.7001,18.7064,23.5043,44.1842,93.6585,154.943,185.953,168.716,129.49,80.7752,40.6629,20.436,11.9992,9.2347,8.52176,8.01354
510,0,0,0,0,0,0,0,0,0,0,0,0,0,142.502,152.873,138.611,132.057,131.393,128.198,124.173,116.853,121.418,110.003,101.142,92.2538,84.7566,82.1374,84.9996,72.1224,73.6001,63.7562,68.3007,63.2133,56.1422,58.8817,55.412,58.3481,52.8863,49.1152,49.1217,52.2267,49.7371,50.3802,48.7574,48.7004,47.9575,46.1337,48.3171,48.8098,46.9068,47.8416,52.116,49.8144,46.1526,46.4142,45.7392,44.8468,46.0073,48.3,48.5911,45.7954,45.178,48.7883,49.196,46.0741,46.7379,44.6839,45.5543,43.3043,44.6899,40.8669,40.8939,35.1529,33.7696,32.3716,30.263,32.5275,32.2668,29.2191,29.5072,27.5517,24.7323,24.9811,23.9953,21.7967,21.941,22.1643,21.0002,18.9808,17.8521,18.1389,18.8091,18.5292,25.6398,52.857,107.9,158.463,175.59,158.55,112.316,65.1473,34.4657,17.7841,10.2066,9.09552,8.47229
512,0,0,0,0,0,0,0,0,0,0,0,0,0,145.52,150.55,139.09,135.928,129.843,122.382,121.773,121.203,115.734,105.842,97.2161,93.4553,83.6495,81.6603,83.5725,71.292,68.0117,61.4264,61.6758,57.9865,55.7977,56.4235,53.43,53.6805,49.9751,45.2686,47.1003,48.7163,50.3162,49.3174,46.8927,43.3899,41.308,41.7737,45.7076,47.2436,46.0012,46.5753,47.019,46.1028,43.8063,44.0722,44.4573,42.2847,46.4634,44.3626,45.8774,43.9022,43.5447,44.7456,47.3986,45.8415,46.6551,43.3453,42.4101,41.7198,40.8951,39.4622,37.2619,32.8093,34.8228,30.7959,30.7568,32.851,30.2558,27.8526,27.3407,27.1548,24.5058,23.8493,22.8457,22.2374,21.1098,20.8235,19.2796,17.2249,17.9909,16.9954,18.2805,17.84,21.228,30.374,65.5682,117.319,163.29,170.923,139.872,95.2398,57.0124,27.9115,14.0579,9.57631,8.74633
514,0,0,0,0,0,0,0,0,0,0,0,0,0,0,151.136,138.757,130.605,132.303,123.947,120.485,122.663,112.672,105.523,97.1854,93.0288,87.2242,84.7836,79.8214,68.235,62.2633,61.4517,58.7944,52.708,54.9472,52.423,53.8986,50.9797,48.9976,45.6616,46.0045,46.5019,45.4094,47.2509,44.0475,41.314,39.467,41.6107,43.5164,43.1467,46.1581,45.1053,42.1658,42.043,44.201,42.282,43.7445,41.6282,45.5768,44.3966,46.4626,44.2093,45.1308,44.595,46.5106,44.7521,42.9895,42.669,41.7697,39.0819,41.1589,39.2733,35.6978,34.3209,32.9695,29.7299,30.7618,31.2682,28.6567,28.188,27.387,27.0258,24.1523,23.6416,22.0146,22.4722,20.6676,20.798,18.8092,17.1803,18.2148,16.8977,16.218,17.2697,18.3311,19.4106,37.9476,76.0854,131.276,167.153,157.449,124.994,82.4221,44.9428,21.3137,12.0276,7.8817
516,0,0,0,0,0,0,0,0,0,0,0,0,0,0,147.681,142.137,126.537,122.393,113.816,112.086,116.998,112.265,103.698,92.1148,95.3937,81.7635,82.3927,77.9397,69.1187,63.2473,63.6974,61.4673,55.1056,54.1964,54.6247,53.54,51.5993,49.8962,47.8535,47.5727,44.3385,42.9557,43.7404,43.1971,38.7624,40.8649,40.786,42.4372,42.3842,43.8913,43.5522,42.2694,42.4235,41.6434,41.0359,43.7184,40.3135,41.2856,43.793,47.7567,43.7275,44.9784,45.5604,42.5783,44.5428,42.688,39.8179,40.9468,37.274,41.0994,37.1765,34.4159,34.0578,32.0194,30.8445,28.3712,29.879,27.7253,28.0026,26.9387,27.4115,24.2217,24.0843,21.8043,20.6783,20.8801,21.3707,18.1895,16.9586,17.9255,16.8909,16.0372,15.9272,15.4615,16.9902,22.572,45.0212,93.0177,144.27,166.773,154.703,114.877,71.0827,35.2861,17.5159,9.576
518,0,0,0,0,0,0,0,0,0,0,0,0,0,0,0,147.462,141.144,119.957,110.689,111.709,110.935,107.921,101.255,88.9638,93.1485,74.6218,81.5389,74.687,67.8974,63.0449,60.8966,63.076,54.2794,58.454,57.1562,53.4336,51.2569,48.4777,46.2303,50.3076,43.2311,43.2067,41.1293,41.2218,38.281,40.0729,41.7857,41.7258,40.658,44.8323,41.8091,40.3857,43.2206,41.7683,40.2631,42.7777,40.4802,37.9698,42.0973,46.5495,42.4399,42.3622,46.5724,40.8992,41.5847,41.6622,39.0929,40.1907,38.7439,39.4745,34.8989,33.7478,34.0464,35.8656,30.518,27.7739,27.8331,28.6738,26.8168,25.3038,26.0538,24.8163,23.3744,21.0627,20.0983,20.1225,21.4734,18.7187,17.9032,16.9298,16.1973,16.288,15.1494,14.6273,15.5516,16.5414,25.865,57.209,106.895,154.148,170.12,146.039,102.873,57.0262,29.6203,14.9323
520,0,0,0,0,0,0,0,0,0,0,0,0,0,0,0,163.399,147.511,128.4,113.026,116.037,118.335,106.133,96.6366,81.7053,84.1167,74.5467,78.5631,74.7205,67.5524,63.2247,61.6874,62.2223,54.5456,58.1053,55.2059,50.731,50.312,46.6462,42.6331,48.6586,44.7524,42.8291,41.1711,40.3062,41.7676,37.7921,42.4128,40.5164,38.6166,42.9918,42.3123,41.6591,41.0976,41.5828,40.9351,41.8012,41.2427,38.8062,40.2551,44.701,43.8227,41.451,45.8858,43.8141,40.4611,39.5824,39.7174,38.958,38.6484,38.4944,35.7729,34.9799,36.6432,35.1868,31.7179,30.8353,28.515,27.9467,26.9396,23.9447,25.6926,24.7898,22.5379,22.2287,19.966,20.0453,21.4373,18.8131,18.6997,16.1545,15.1546,14.5132,14.8991,14.514,15.032,16.7244,18.2542,31.2226,69.1822,121.567,165.108,168.762,137.662,91.9694,53.2953,24.8126
522,0,0,0,0,0,0,0,0,0,0,0,0,0,0,0,0,145.552,131.123,110.096,117.103,112.85,104.366,100.123,84.547,79.1316,80.9478,77.1218,74.1072,70.2727,65.5332,62.3719,60.3326,56.1911,55.434,53.358,55.4235,47.8765,47.15,43.3803,42.8561,45.2715,42.3652,42.5589,42.1097,42.5098,39.4752,42.0458,38.5003,38.3769,43.137,43.2354,44.1672,39.063,40.7632,39.6556,39.2247,41.9096,40.7949,41.6117,42.8837,44.2013,43.427,44.3291,44.155,41.0174,40.7442,38.9344,41.0169,40.1405,38.8522,36.5621,35.325,37.0223,32.5601,31.2571,29.8258,29.4346,28.0934,27.239,24.976,25.0081,24.6048,22.7395,24.6034,20.5762,20.6831,19.8651,18.4761,18.3926,16.1327,15.585,13.699,14.0227,14.2608,14.0257,16.1552,15.8108,20.7823,41.9394,84.7397,142.125,173.563,167.89,131.552,83.5573,44.4898
524,0,0,0,0,0,0,0,0,0,0,0,0,0,0,0,0,157.121,133.166,125.73,111.296,102.591,98.3435,100.464,95.0289,83.0315,83.3955,79.0657,74.7718,67.4582,69.7558,59.8307,60.8033,57.3564,54.7787,54.0279,54.554,48.7468,45.6698,46.1838,46.1341,42.5644,43.7223,40.9862,40.6005,41.38,39.7793,43.2963,38.1146,38.5065,44.8028,42.7595,43.606,39.5214,45.2945,41.4336,40.7302,44.8644,39.8564,42.4419,42.3367,44.0785,46.8712,41.5407,43.6451,39.6238,40.734,40.5756,40.6633,39.9001,37.389,34.6301,35.5866,35.9345,32.9759,30.8884,30.0641,29.0131,28.652,27.243,27.7783,25.666,24.1789,23.6731,23.5187,21.3373,21.3808,19.2642,19.8083,18.8687,16.8089,15.1753,14.6511,14.2876,14.1982,13.6073,15.225,14.5094,16.5849,23.6806,53.1045,106.986,157.184,177.835,164.623,117.972,73.9881
526,0,0,0,0,0,0,0,0,0,0,0,0,0,0,0,0,0,132.124,137.211,113.722,111.993,100.756,97.7485,98.1968,84.0426,84.4063,84.024,75.6425,70.0628,69.9062,63.3476,61.4287,56.8185,58.3275,54.1639,52.5855,49.4594,47.078,47.8619,47.8178,43.1886,47.7584,42.8634,38.9721,43.5749,39.3991,43.8653,40.2189,43.5118,43.8895,42.6092,43.7387,40.2306,43.6176,43.1524,43.2696,42.9233,40.0378,43.2733,42.0513,44.8729,44.0216,41.5204,42.6575,38.8125,40.8522,41.3689,39.812,38.7119,38.3349,35.0699,35.7975,33.3011,30.9346,31.7442,31.9808,29.5916,28.3103,27.6852,28.7549,27.6429,24.6778,25.2331,22.3382,22.0114,21.4932,20.0713,20.1333,18.3693,17.646,15.859,16.1851,15.2418,13.592,13.306,13.7851,15.2797,14.6606,16.9596,31.1825,67.4107,121.988,167.59,183.936,153.663,109.913
528,0,0,0,0,0,0,0,0,0,0,0,0,0,0,0,0,0,139.964,127.596,119.87,119.118,102.662,102.376,91.1902,90.9222,84.7374,82.2475,74.7027,70.3629,63.4894,64.4702,64.7701,58.8602,60.2133,55.0352,53.3537,51.2629,46.74,49.3592,42.3458,43.9842,45.8266,46.6415,39.7322,42.201,41.8652,41.5566,39.5032,45.2166,41.4419,42.7342,42.4408,38.98,40.9984,43.2386,43.0691,37.3289,40.01,44.0804,40.3031,42.5592,41.8346,44.9945,39.6789,40.3517,42.6102,40.4568,40.9574,38.0551,38.6882,37.4116,33.9981,32.9351,30.593,31.5638,32.1454,29.5494,27.0663,28.3583,27.9897,28.0683,24.2535,25.1948,23.0979,21.6328,21.4368,21.1158,19.1311,18.5105,17.6154,16.5516,16.3765,15.0019,14.0894,13.4315,13.0284,14.5987,14.3041,15.2815,20.1048,38.8037,80.073,139.908,182.629,181.135,148.174
530,0,0,0,0,0,0,0,0,0,0,0,0,0,0,0,0,0,0,136.43,117.983,119.421,102.92,98.055,92.1718,98.1185,82.8543,76.4932,70.6387,68.1814,65.5017,67.9625,64.416,60.104,57.1596,55.4643,51.2271,54.6041,45.0136,49.8572,43.1014,43.4286,45.038,42.435,39.5984,40.8408,42.159,39.3787,38.4721,43.1255,40.801,43.0661,42.3352,39.7327,41.133,41.8178,41.4837,38.6281,39.9905,43.9548,42.519,39.7322,42.098,44.9812,40.3345,41.2649,43.0339,41.9492,41.318,35.8457,37.9977,37.0808,33.4685,34.4099,32.0903,31.1103,31.6979,30.3508,29.7331,27.4478,27.2222,27.3688,23.3718,23.9844,22.9782,21.5611,21.8262,21.1029,19.1035,19.2428,15.983,16.2419,15.8486,14.765,14.1552,13.4107,13.0309,12.6878,14.1962,15.1445,15.9282,23.2649,46.8358,101.692,159.905,192.369,178.611
532,0,0,0,0,0,0,0,0,0,0,0,0,0,0,0,0,0,0,135.015,115.65,121.491,101.988,91.995,98.679,87.4172,83.1114,78.1836,69.4782,68.1297,67.5939,63.1293,59.7064,56.2835,56.4539,54.8503,51.8193,53.637,48.8195,48.0068,44.3421,41.869,45.1192,37.2512,40.3993,42.8521,41.3763,38.1366,40.4067,40.5156,43.1629,42.0693,43.1243,39.0241,38.8071,41.1063,40.6227,42.7162,38.0526,42.2927,45.1882,40.3033,42.8143,42.4446,41.1124,40.7893,39.4876,42.1054,38.6405,37.0415,36.4639,37.0547,32.7283,35.133,31.5982,30.1914,29.7049,30.1657,31.6029,26.9778,27.5233,25.8214,23.9021,24.6529,24.6284,21.9069,21.6355,21.3759,19.8705,19.2616,16.1006,16.2163,15.027,13.6126,13.1284,13.0303,11.9003,12.7146,13.1321,15.3947,14.6923,17.5357,27.6273,64.3985,119.42,177.858,189.583
534,0,0,0,0,0,0,0,0,0,0,0,0,0,0,0,0,0,0,0,121.994,125.68,97.1843,89.8804,96.7247,86.8966,78.5501,78.6183,72.8377,63.9692,65.9346,57.8931,58.5168,55.51,57.0199,56.122,50.3846,51.2555,49.2239,46.4821,44.5441,41.4913,43.3959,37.7672,41.8433,40.1167,38.8975,36.8493,39.4745,39.3301,41.6237,40.4531,39.6557,39.184,38.0737,40.5637,39.7573,42.9198,39.0111,40.0054,44.3241,40.7563,41.7863,44.2726,40.3457,39.397,37.527,40.5828,39.003,35.9765,34.2259,36.6926,32.5126,33.9764,32.1633,31.2658,28.5062,28.2988,29.0108,26.4573,26.6472,25.3681,23.8767,23.6529,25.4004,21.3584,20.6643,21.5919,19.7234,18.27,17.139,16.8437,15.2428,13.4611,13.0447,11.6159,10.9583,12.3542,12.7244,14.3308,13.9874,15.0162,17.6218,35.9276,77.9836,140.674,184.894
536,0,0,0,0,0,0,0,0,0,0,0,0,0,0,0,0,0,0,0,123.309,121.284,99.6553,95.2975,92.378,90.5322,77.3572,79.5861,72.004,63.375,66.4045,58.7425,60.1119,59.4075,56.3823,54.9778,47.5302,47.1567,46.745,47.1201,42.6979,43.6057,43.1174,40.5784,39.1162,37.7485,37.1687,35.0074,37.9758,40.3391,38.8051,41.7901,38.8069,38.9377,38.345,38.3443,39.9507,42.3377,38.9708,37.8856,43.5669,39.1507,38.2136,43.2066,40.0989,40.1611,36.303,39.0218,39.0724,32.1686,35.1376,33.1619,34.5209,32.1725,31.0454,31.6882,30.0466,27.6947,27.6323,25.8765,25.2132,25.3656,23.4653,22.2655,24.4018,21.913,19.4407,19.7406,18.1925,16.7633,17.4467,16.7399,14.7833,14.6614,13.7414,12.6695,11.5294,12.0902,11.7771,12.7996,12.7536,14.6292,14.4716,20.9601,45.7942,99.7837,157.191
538,0,0,0,0,0,0,0,0,0,0,0,0,0,0,0,0,0,0,0,0,117.834,104.646,96.4471,89.9367,86.6288,76.9762,74.6191,67.7633,65.394,64.714,60.2107,59.7572,56.6488,53.5012,52.5231,48.2206,47.3163,43.7532,43.9279,40.0045,41.6663,42.8733,39.1502,37.7264,38.1744,37.5848,34.2885,35.0738,39.5334,37.4618,42.0305,38.2503,40.7533,37.6477,38.8778,36.5443,40.7404,35.0159,36.7168,42.5723,38.3661,39.3726,40.2179,39.2479,41.2109,36.0049,37.3726,37.0562,31.8412,33.5414,30.83,31.0882,30.413,28.6234,29.5887,29.4907,27.8548,27.7027,25.2689,25.5089,24.6573,23.756,21.9415,23.0646,22.5883,19.4794,19.594,18.3878,16.5742,16.3772,15.5095,13.7092,13.6621,13.784,13.4091,12.3857,12.4078,12.56,11.8212,11.6443,13.5619,13.0229,15.104,25.3294,61.1387,112.345
540,0,0,0,0,0,0,0,0,0,0,0,0,0,0,0,0,0,0,0,0,114.465,103.803,95.2608,85.7287,82.3581,72.7271,71.5146,62.3642,64.9777,58.389,57.8202,56.771,52.194,52.4555,52.8794,47.1261,44.2809,42.9801,41.8424,39.8436,39.4235,41.013,34.7738,39.1123,37.103,36.4685,36.0449,35.8272,38.9813,38.5758,39.8228,38.3614,37.6611,36.9787,37.1667,34.6738,39.3935,34.5979,37.4262,39.3491,37.4308,41.4046,36.8134,39.2482,38.7986,36.1269,36.2155,34.2772,33.6391,30.9719,30.7801,29.0513,28.8481,26.8181,29.6793,28.1563,27.5087,26.6454,25.5984,23.9203,25.0392,24.2965,20.8802,22.378,21.4079,19.7307,19.4293,18.4188,16.0024,15.2024,15.3635,13.7084,13.1914,12.3953,11.9533,12.0633,11.7624,13.7243,11.0393,11.7383,12.036,13.2244,13.2256,16.11,34.9718,70.5764
542,0,0,0,0,0,0,0,0,0,0,0,0,0,0,0,0,0,0,0,0,0,100.712,95.7502,81.4353,80.7765,69.9038,72.1266,64.0944,63.1243,57.3655,57.0302,55.4733,47.8565,49.7047,49.1698,46.4695,43.3522,43.2856,41.3054,38.8746,36.6798,41.4678,33.972,37.0338,35.8013,32.8122,34.7164,37.7285,36.271,38.3839,37.0934,37.0763,37.4845,36.8078,34.3533,34.8687,39.8085,33.6663,35.2922,38.2017,36.7363,36.4906,35.5626,38.6809,36.4126,35.6909,36.6439,34.2807,35.0104,31.6982,29.3324,29.6113,28.585,27.9479,28.9914,27.6486,26.8272,24.5608,25.8035,22.4295,24.4599,23.9524,20.4041,22.6413,20.8069,19.6749,17.8313,17.7885,15.382,15.126,15.2096,14.2334,12.8567,12.2281,11.2198,11.3221,11.5802,11.9852,10.4177,10.9279,10.9174,12.8253,12.3597,13.8334,20.3577,39.6666
544,0,0,0,0,0,0,0,0,0,0,0,0,0,0,0,0,0,0,0,0,0,96.1085,102.392,80.4301,79.9749,68.1568,70.7928,67.3765,63.6209,58.1368,53.7527,54.0209,47.7971,50.0197,43.1998,44.0808,45.4022,42.329,42.8191,36.4817,34.7174,39.0199,35.1725,34.3348,34.5691,33.3922,33.8133,35.0319,36.1343,34.6553,34.2059,35.5163,35.9915,33.8816,34.2954,32.795,36.9244,31.8542,33.651,36.9813,34.9481,33.9067,35.9892,35.3521,35.0669,34.0672,34.3838,32.0552,34.0162,30.6646,28.4831,29.1959,28.1378,28.2382,25.6752,26.7099,24.4307,24.6558,25.1898,23.3272,22.318,21.0631,19.6412,21.9386,21.0232,19.2205,17.021,17.1682,14.6309,14.4521,14.6646,13.7111,11.9221,12.0074,11.3678,11.2123,10.7281,11.3066,10.1777,10.9077,9.94717,11.8399,11.875,12.9628,13.5988,21.1012
546,0,0,0,0,0,0,0,0,0,0,0,0,0,0,0,0,0,0,0,0,0,0,105.023,74.8254,76.4968,72.5168,66.2418,66.1057,62.7306,54.8231,51.0655,51.6512,51.0349,46.513,40.3988,43.2537,43.8753,40.9241,40.805,37.612,31.7955,34.8838,33.7734,35.1545,31.2699,31.1471,34.1653,32.2349,36.5686,33.3243,32.802,33.6382,32.2652,33.199,33.7877,32.1612,34.6178,30.1213,32.297,33.3931,35.0765,34.1907,35.6135,31.4286,34.4337,33.9397,31.7215,29.5149,31.6347,28.3149,27.525,27.6954,26.8592,26.6507,23.4827,23.8677,25.0075,24.0138,23.0064,23.8004,21.3368,19.1073,19.3525,19.8738,20.4544,18.2614,18.1304,16.7649,15.267,14.8491,14.5368,12.1239,11.9329,12.4252,11.8778,10.1906,10.0791,10.525,10.1289,10.5294,9.29739,10.7361,11.4555,12.728,11.9968,13.8014
548,0,0,0,0,0,0,0,0,0,0,0,0,0,0,0,0,0,0,0,0,0,0,98.9818,74.9233,68.5458,68.9104,63.4688,58.9158,58.8788,52.4639,52.6073,51.6449,52.0587,43.2476,42.5259,41.0705,41.4813,38.5835,36.1086,36.3591,32.9791,33.4119,31.4954,36.4571,32.1695,32.9236,32.1556,32.1311,33.3776,34.2026,31.9122,29.5738,31.7652,31.6736,33.1052,31.1071,34.381,27.7438,33.2589,33.2553,34.7368,35.4306,34.3179,31.3259,33.3133,31.5854,29.5642,30.6875,29.4191,28.6767,26.46,26.3329,26.0433,25.9428,24.155,22.48,24.2297,22.2269,21.6175,22.1215,20.5523,19.1951,19.3817,18.3993,19.7774,18.1775,18.3573,15.2409,17.0192,14.8552,14.5154,11.721,11.5672,12.3532,11.1546,11.1841,10.0407,9.52213,10.4563,10.2723,9.50293,10.1905,10.3494,12.0564,11.9231,12.5429
550,0,0,0,0,0,0,0,0,0,0,0,0,0,0,0,0,0,0,0,0,0,0,0,72.7347,67.8665,62.1632,61.8443,51.5869,56.1426,51.9034,49.0663,49.019,50.4932,43.2006,43.1669,37.326,40.2486,36.8425,32.9995,32.7327,34.029,32.8352,31.2948,33.6391,32.2435,34.1761,30.5697,30.8586,30.054,31.5992,29.4997,28.0421,29.6549,30.0556,31.8385,32.2517,34.2513,28.6389,33.4471,34.2868,31.6552,32.2968,31.9492,31.7911,30.9621,29.9072,29.7374,29.4468,28.0043,27.5443,26.7713,25.5665,25.3284,24.9634,23.5915,21.7783,20.9616,21.6972,20.6517,20.6126,20.4132,19.0295,19.124,18.5858,18.6744,17.5319,16.8172,14.6599,16.1178,13.6062,13.8961,12.3688,11.3805,12.0097,10.761,12.2356,10.0073,9.89927,9.96111,9.99368,8.77288,9.41113,9.0392,10.2784,11.1012,11.8204
552,0,0,0,0,0,0,0,0,0,0,0,0,0,0,0,0,0,0,0,0,0,0,0,65.753,66.7053,58.4427,53.4698,48.5536,54.1008,49.5322,43.5933,47.3933,44.2642,45.1924,42.4602,38.417,36.9011,37.1479,30.6046,34.5108,33.3146,30.7002,31.7806,31.1993,31.8033,29.7139,29.4706,29.0711,29.1531,29.2871,27.9199,28.6052,30.6024,29.966,27.7743,30.3296,31.9424,27.6988,31.6094,33.1165,29.8272,29.8737,28.2884,30.7336,28.7799,30.8812,30.7866,26.4521,26.2541,24.452,27.1577,23.0854,23.0876,22.847,21.9829,22.1584,21.9682,19.9401,19.6484,19.6336,19.8336,17.5375,18.2117,17.2735,16.9437,16.3715,15.1011,14.9567,14.349,13.1571,11.9927,11.5372,11.5639,11.156,11.0211,10.4939,9.23382,9.97789,9.44984,9.27833,8.24556,8.66968,8.83937,9.14749,9.94642,10.3227
554,0,0,0,0,0,0,0,0,0,0,0,0,0,0,0,0,0,0,0,0,0,0,0,0,68.9683,53.4591,52.4888,48.1074,48.9691,45.7266,43.2564,44.4097,37.7366,39.3274,41.6379,40.1751,32.8787,36.0266,31.923,35.3314,30.8259,29.8956,28.288,30.5683,30.1213,26.4572,29.5513,27.1692,29.0416,28.7969,26.276,28.5396,30.6289,29.4734,27.7254,28.5478,29.5439,26.3738,28.4039,29.5643,28.6195,29.02,26.7703,28.224,29.07,29.6593,29.1106,27.2058,24.158,22.9345,26.2986,22.4006,21.8468,23.0025,21.0662,19.507,21.601,18.5795,18.3611,19.3678,19.2761,16.0892,16.5961,16.5088,17.423,14.5671,12.5032,14.4763,14.1528,12.8933,11.8,10.7121,10.5879,9.39291,10.8302,8.8913,8.79179,9.32413,9.06149,7.91528,7.95966,8.56787,9.39759,8.92424,9.11635,9.60499
556,0,0,0,0,0,0,0,0,0,0,0,0,0,0,0,0,0,0,0,0,0,0,0,0,66.3382,55.05,55.0946,51.3946,45.0263,43.7703,42.0288,41.5166,35.719,35.189,38.655,37.0313,33.1763,32.8243,32.3864,32.4576,28.7508,27.9582,25.6015,28.7361,28.9779,26.7032,27.6286,26.052,26.7362,30.4223,26.4394,27.089,29.7517,28.5042,28.8395,29.7309,27.6874,24.6894,25.4835,25.1585,25.848,27.2017,27.1732,26.929,28.1494,27.3202,26.1741,23.5595,23.9005,21.5778,22.6329,23.6162,21.3508,22.0495,20.2718,19.0005,18.8035,17.931,18.1732,18.6753,19.2794,15.9482,15.839,16.146,17.0595,13.5663,11.5696,13.6544,13.2595,12.2099,10.4942,10.8544,9.0582,9.38125,10.2477,9.41391,8.81899,8.66983,8.75257,7.47127,8.12877,7.80124,9.20268,8.49412,7.6016,8.82096
558,0,0,0,0,0,0,0,0,0,0,0,0,0,0,0,0,0,0,0,0,0,0,0,0,0,54.7168,53.8872,51.1544,41.9439,40.6003,40.7104,42.9463,36.1878,38.0072,34.0754,32.6292,33.4524,31.3371,30.2192,31.2649,29.1098,28.3619,25.9452,26.8343,26.0774,26.9208,26.77,25.9275,25.5225,30.1427,24.4863,25.6823,27.9878,24.818,24.3096,27.9821,25.0146,23.3428,24.0126,23.0091,24.6638,26.2274,25.5686,25.7397,25.8392,24.2768,23.8859,21.7395,24.2245,20.4556,20.9193,21.4479,19.9078,20.7507,20.1645,21.1632,19.2328,17.8772,18.097,17.0459,16.7869,15.7861,15.5999,15.3072,16.9157,13.6768,11.8272,13.1061,12.4528,11.4621,10.5071,10.2915,9.4184,9.51336,9.37643,8.96573,8.89644,8.33082,8.40694,7.49011,8.05406,7.09342,7.62896,7.55511,7.38358,8.23769
560,0,0,0,0,0,0,0,0,0,0,0,0,0,0,0,0,0,0,0,0,0,0,0,0,0,54.6193,47.6688,44.257,41.0769,38.4972,40.3035,39.7301,35.8445,35.7501,32.5799,31.8834,31.0368,33.3677,29.0111,29.3614,26.2726,27.8174,25.1102,24.7044,23.5225,24.7895,26.9554,24.8983,25.4398,27.4654,22.6474,24.0778,26.6068,22.4564,22.2899,23.4637,23.1932,22.7789,21.5551,22.535,23.5601,23.2194,22.7993,22.68,23.3021,24.0057,23.661,21.7951,21.7596,19.3427,20.3151,18.4366,17.7244,18.3094,18.477,20.8854,17.8381,17.0826,17.7603,16.5261,14.9354,13.8059,14.4072,13.9648,16.3118,12.7689,11.1175,12.5303,11.1543,11.3006,10.2575,8.92402,8.62495,9.28212,8.41886,7.57669,8.63019,8.83695,7.91183,6.87455,8.04846,7.0634,7.54702,7.42778,7.34502,7.89161
